Kabupaten/Kota,Periode,Luas Panen,Curah Hujan,Kelembapan,Suhu,Kecepatan Angin,Sinar Matahari,Produksi
Kabupaten Pacitan,Januari 2018,807.0,375.1,86.16,25.24,15.08,6.22,3113.91
Kabupaten Pacitan,Februari 2018,2219.0,235.4,86.57,25.15,13.43,8.64,9298.99
Kabupaten Pacitan,Maret 2018,4762.0,200.3,86.74,25.48,10.48,9.9,22928.59
Kabupaten Pacitan,April 2018,2415.0,120.7,85.33,25.92,12.8,10.67,12468.81
Kabupaten Pacitan,Mei 2018,1518.0,10.0,79.16,25.8,18.06,10.78,7102.87
Kabupaten Pacitan,Juni 2018,2221.0,31.7,80.93,24.94,18.75,10.4,9847.13
Kabupaten Pacitan,Juli 2018,2825.0,10.0,79.94,23.57,19.57,10.65,13351.29
Kabupaten Pacitan,Agustus 2018,1114.0,31.5,80.71,23.36,18.96,10.27,5124.13
Kabupaten Pacitan,September 2018,556.0,55.7,82.57,24.09,17.38,10.54,2533.14
Kabupaten Pacitan,Oktober 2018,431.0,50.5,81.39,25.22,17.28,10.83,1927.78
Kabupaten Pacitan,November 2018,169.0,262.8,88.23,25.42,12.76,8.67,772.21
Kabupaten Pacitan,Desember 2018,275.0,406.8,86.97,25.44,14.34,7.44,1215.59
Kabupaten Pacitan,Januari 2019,1527.0,465.6,87.32,25.67,13.79,8.29,8211.96
Kabupaten Pacitan,Februari 2019,2717.0,155.9,88.14,25.79,10.54,9.58,4235.64
Kabupaten Pacitan,Maret 2019,6150.0,494.4,88.39,25.47,11.61,7.48,49222.47
Kabupaten Pacitan,April 2019,2976.0,127.5,87.47,25.92,12.88,9.77,95494.03
Kabupaten Pacitan,Mei 2019,1210.0,22.3,82.9,25.57,18.03,10.93,16975.96
Kabupaten Pacitan,Juni 2019,1489.0,6.0,80.37,24.18,18.52,10.78,7896.26
Kabupaten Pacitan,Juli 2019,2671.0,15.5,81.39,23.6,20.3,10.62,61478.44
Kabupaten Pacitan,Agustus 2019,1063.0,17.1,81.1,23.29,19.96,10.68,48982.81
Kabupaten Pacitan,September 2019,113.0,10.5,80.33,23.75,20.32,10.9,9070.65
Kabupaten Pacitan,Oktober 2019,121.0,17.5,80.74,25.3,17.49,11.06,1955.68
Kabupaten Pacitan,November 2019,351.0,68.7,82.57,25.86,13.72,10.56,1460.41
Kabupaten Pacitan,Desember 2019,117.0,173.1,86.35,26.38,10.4,9.39,17221.19
Kabupaten Pacitan,Januari 2020,33.0,257.9,87.0,25.99,12.72,9.07,157.82
Kabupaten Pacitan,Februari 2020,609.0,291.9,88.41,25.96,11.52,7.66,2748.34
Kabupaten Pacitan,Maret 2020,798.0,433.5,89.13,25.99,11.27,7.92,3585.16
Kabupaten Pacitan,April 2020,8484.0,183.0,88.0,26.13,10.86,9.63,36544.03
Kabupaten Pacitan,Mei 2020,2828.0,256.0,86.68,26.05,14.15,9.35,12084.42
Kabupaten Pacitan,Juni 2020,1195.0,98.5,87.57,24.81,17.15,10.34,5084.02
Kabupaten Pacitan,Juli 2020,1297.0,26.0,84.65,24.13,19.25,10.44,5480.04
Kabupaten Pacitan,Agustus 2020,2299.0,31.2,84.39,24.21,18.4,10.58,9975.33
Kabupaten Pacitan,September 2020,570.0,56.0,84.5,24.83,19.36,10.68,2673.08
Kabupaten Pacitan,Oktober 2020,521.0,189.2,89.42,24.86,15.38,9.23,2507.78
Kabupaten Pacitan,November 2020,224.0,241.1,88.77,25.57,12.98,8.3,1067.66
Kabupaten Pacitan,Desember 2020,433.0,447.0,87.61,25.27,12.6,6.98,2033.22
Kabupaten Pacitan,Januari 2021,539.0,513.3,87.55,25.25,12.31,6.46,2359.12
Kabupaten Pacitan,Februari 2021,3807.0,387.8,86.75,25.47,13.61,7.51,16374.32
Kabupaten Pacitan,Maret 2021,5240.0,212.2,87.23,25.58,11.51,9.12,25093.73
Kabupaten Pacitan,April 2021,1596.0,374.0,85.67,25.72,12.04,10.3,8038.47
Kabupaten Pacitan,Mei 2021,1439.0,47.2,84.52,25.86,14.68,10.58,6590.39
Kabupaten Pacitan,Juni 2021,1986.0,249.1,87.77,25.33,11.71,9.4,9046.42
Kabupaten Pacitan,Juli 2021,2444.0,27.2,85.23,24.39,17.11,10.69,11213.13
Kabupaten Pacitan,Agustus 2021,309.0,93.4,86.84,24.31,18.28,10.66,1424.31
Kabupaten Pacitan,September 2021,329.0,123.9,86.27,24.62,17.93,10.09,1712.19
Kabupaten Pacitan,Oktober 2021,205.0,116.7,84.81,25.06,14.74,10.03,1069.71
Kabupaten Pacitan,November 2021,876.0,455.8,88.9,25.18,10.03,6.48,4548.93
Kabupaten Pacitan,Desember 2021,125.0,308.6,88.03,25.51,12.44,7.68,645.85
Kabupaten Pacitan,Januari 2022,20.76,214.6,84.1,25.56,14.67,8.46,128.68
Kabupaten Pacitan,Februari 2022,3226.83,325.5,85.64,25.59,12.66,7.73,13351.15
Kabupaten Pacitan,Maret 2022,5315.37,299.9,88.0,25.61,11.86,8.74,28860.17
Kabupaten Pacitan,April 2022,1905.57,215.2,87.57,25.57,9.81,9.43,11659.81
Kabupaten Pacitan,Mei 2022,1016.38,307.0,87.03,25.94,10.67,9.21,5065.52
Kabupaten Pacitan,Juni 2022,1757.44,170.4,85.33,25.18,13.56,9.55,8810.05
Kabupaten Pacitan,Juli 2022,2300.01,65.8,84.03,24.61,18.12,10.47,11470.02
Kabupaten Pacitan,Agustus 2022,563.16,82.8,83.48,24.53,17.7,10.09,2806.76
Kabupaten Pacitan,September 2022,449.2,92.5,84.07,24.92,16.97,9.87,2134.27
Kabupaten Pacitan,Oktober 2022,371.33,361.0,87.45,24.66,12.76,7.67,1779.26
Kabupaten Pacitan,November 2022,825.65,425.8,88.53,25.05,11.18,6.97,3984.2
Kabupaten Pacitan,Desember 2022,79.77,392.9,86.39,25.15,13.39,7.9,378.32
Kabupaten Pacitan,Januari 2023,393.6,200.2,85.68,25.32,15.64,8.95,1970.51
Kabupaten Pacitan,Februari 2023,3890.75,322.6,86.11,25.23,16.18,6.47,17220.75
Kabupaten Pacitan,Maret 2023,4706.16,226.0,86.55,25.48,12.29,9.16,25014.4
Kabupaten Pacitan,April 2023,1714.68,176.5,86.4,25.69,12.22,9.2,10312.46
Kabupaten Pacitan,Mei 2023,555.38,148.0,82.97,25.45,15.1,10.33,2914.51
Kabupaten Pacitan,Juni 2023,2531.34,50.9,84.8,25.01,16.26,10.64,13100.51
Kabupaten Pacitan,Juli 2023,1898.33,73.2,84.81,23.59,18.7,10.22,9959.72
Kabupaten Pacitan,Agustus 2023,874.84,9.7,83.42,23.18,19.4,10.91,4590.77
Kabupaten Pacitan,September 2023,188.87,5.5,81.03,23.73,18.78,11.0,1107.08
Kabupaten Pacitan,Oktober 2023,131.21,12.0,80.81,25.56,16.34,11.13,758.3
Kabupaten Pacitan,November 2023,617.53,65.5,82.3,26.37,14.73,10.73,3584.29
Kabupaten Pacitan,Desember 2023,420.71,83.3,78.71,26.37,13.67,10.32,2459.34
Kabupaten Pacitan,Januari 2024,61.91,277.5,86.68,25.9,13.66,8.67,321.31
Kabupaten Pacitan,Februari 2024,44.17,291.1,86.31,26.27,11.83,8.99,226.47
Kabupaten Pacitan,Maret 2024,2540.48,243.0,84.13,26.38,14.16,8.56,10901.71
Kabupaten Pacitan,April 2024,5009.7,186.3,87.5,26.3,13.01,9.44,24184.8
Kabupaten Pacitan,Mei 2024,3330.43,24.8,84.58,25.66,16.56,10.77,16062.1
Kabupaten Pacitan,Juni 2024,649.14,29.7,82.3,25.62,17.27,10.82,3167.94
Kabupaten Pacitan,Juli 2024,414.22,17.3,80.61,24.38,19.43,10.48,2024.01
Kabupaten Pacitan,Agustus 2024,1450.87,13.2,80.35,24.03,18.92,10.85,7074.23
Kabupaten Pacitan,September 2024,442.16,38.1,79.9,25.35,17.03,10.84,2274.74
Kabupaten Pacitan,Oktober 2024,203.6,67.0,81.42,25.83,15.58,10.68,1048.04
Kabupaten Pacitan,November 2024,71.53,359.3,88.8,25.71,11.55,8.74,376.7
Kabupaten Pacitan,Desember 2024,384.64,396.9,89.48,25.49,13.68,6.85,1988.93
Kabupaten Ponorogo,Januari 2018,807.0,261.1,81.45,25.9,11.26,6.94,202.2
Kabupaten Ponorogo,Februari 2018,2219.0,304.9,82.75,25.63,9.61,8.44,4092.37
Kabupaten Ponorogo,Maret 2018,4762.0,115.6,81.1,26.25,10.64,9.75,84787.64
Kabupaten Ponorogo,April 2018,2415.0,69.6,79.4,26.82,14.32,10.67,85947.48
Kabupaten Ponorogo,Mei 2018,1518.0,11.9,70.48,27.32,22.84,10.85,1728.29
Kabupaten Ponorogo,Juni 2018,2221.0,39.5,71.97,26.58,24.76,10.52,19686.87
Kabupaten Ponorogo,Juli 2018,2825.0,1.0,70.9,25.21,28.18,10.83,91559.34
Kabupaten Ponorogo,Agustus 2018,1114.0,0.5,69.19,25.32,27.05,10.93,31102.38
Kabupaten Ponorogo,September 2018,556.0,6.7,67.2,26.5,26.59,10.81,5985.77
Kabupaten Ponorogo,Oktober 2018,431.0,5.3,65.87,27.81,25.58,11.23,1291.15
Kabupaten Ponorogo,November 2018,169.0,194.8,75.93,27.32,18.51,9.62,7586.17
Kabupaten Ponorogo,Desember 2018,275.0,311.8,79.1,26.71,12.62,8.25,43293.52
Kabupaten Ponorogo,Januari 2019,1527.0,478.8,83.58,26.2,11.15,7.67,8211.96
Kabupaten Ponorogo,Februari 2019,2717.0,207.3,83.43,26.4,9.78,8.87,4235.64
Kabupaten Ponorogo,Maret 2019,6150.0,311.4,83.03,26.13,10.51,7.76,49222.47
Kabupaten Ponorogo,April 2019,2976.0,96.6,82.17,26.81,13.26,9.53,95494.03
Kabupaten Ponorogo,Mei 2019,1210.0,19.6,75.03,26.89,22.16,10.91,16975.96
Kabupaten Ponorogo,Juni 2019,1489.0,2.4,70.87,25.95,25.67,10.82,7896.26
Kabupaten Ponorogo,Juli 2019,2671.0,4.9,71.29,25.34,27.74,10.8,61478.44
Kabupaten Ponorogo,Agustus 2019,1063.0,3.1,69.03,25.34,28.6,10.96,48982.81
Kabupaten Ponorogo,September 2019,113.0,0.2,67.47,26.01,30.76,11.02,9070.65
Kabupaten Ponorogo,Oktober 2019,121.0,3.2,63.97,27.97,27.7,11.31,1955.68
Kabupaten Ponorogo,November 2019,351.0,36.1,65.23,28.86,21.02,11.17,1460.41
Kabupaten Ponorogo,Desember 2019,117.0,258.6,75.97,28.01,12.66,9.55,17221.19
Kabupaten Ponorogo,Januari 2020,33.0,200.6,79.87,27.02,11.13,8.9,28844.89
Kabupaten Ponorogo,Februari 2020,609.0,325.4,85.14,26.41,9.7,7.83,2127.05
Kabupaten Ponorogo,Maret 2020,798.0,279.9,84.71,26.62,10.31,8.19,22831.36
Kabupaten Ponorogo,April 2020,8484.0,170.7,82.07,27.01,11.72,9.57,126555.79
Kabupaten Ponorogo,Mei 2020,2828.0,118.9,78.42,27.3,15.5,9.91,23480.75
Kabupaten Ponorogo,Juni 2020,1195.0,15.6,77.37,26.38,22.74,10.59,2963.54
Kabupaten Ponorogo,Juli 2020,1297.0,11.6,72.9,26.01,26.77,10.63,62418.12
Kabupaten Ponorogo,Agustus 2020,2299.0,15.6,71.32,26.36,26.82,10.8,52926.2
Kabupaten Ponorogo,September 2020,570.0,14.1,70.1,27.09,27.83,11.01,11642.69
Kabupaten Ponorogo,Oktober 2020,521.0,151.7,75.26,26.98,22.39,9.65,735.12
Kabupaten Ponorogo,November 2020,224.0,222.6,78.33,27.11,16.09,8.77,5781.16
Kabupaten Ponorogo,Desember 2020,433.0,250.7,82.13,26.05,10.13,7.38,37026.53
Kabupaten Ponorogo,Januari 2021,539.0,322.5,84.03,25.65,10.29,6.2,20937.46
Kabupaten Ponorogo,Februari 2021,3807.0,460.6,86.39,25.48,11.89,6.34,1471.52
Kabupaten Ponorogo,Maret 2021,5240.0,219.3,82.39,26.21,10.41,8.64,55816.49
Kabupaten Ponorogo,April 2021,1596.0,206.3,79.43,26.64,14.13,10.08,105539.58
Kabupaten Ponorogo,Mei 2021,1439.0,34.2,77.16,27.09,16.8,10.66,14618.92
Kabupaten Ponorogo,Juni 2021,1986.0,108.7,79.83,26.5,14.42,9.81,10796.11
Kabupaten Ponorogo,Juli 2021,2444.0,15.3,73.97,26.2,23.57,10.74,85188.34
Kabupaten Ponorogo,Agustus 2021,309.0,13.5,73.32,26.41,26.37,10.95,47732.97
Kabupaten Ponorogo,September 2021,329.0,64.7,75.57,26.33,24.37,10.46,6338.63
Kabupaten Ponorogo,Oktober 2021,205.0,90.5,72.9,27.15,21.45,10.72,398.36
Kabupaten Ponorogo,November 2021,876.0,401.6,83.0,26.23,12.93,7.21,7216.93
Kabupaten Ponorogo,Desember 2021,125.0,282.9,82.29,26.38,10.77,7.74,48609.73
Kabupaten Ponorogo,Januari 2022,20.76,269.2,81.87,25.82,10.96,7.9,7662.82
Kabupaten Ponorogo,Februari 2022,3226.83,299.4,84.18,25.64,13.68,7.07,679.02
Kabupaten Ponorogo,Maret 2022,5315.37,407.2,84.71,26.03,11.77,8.07,74834.92
Kabupaten Ponorogo,April 2022,1905.57,255.4,83.23,26.19,13.69,9.35,73880.59
Kabupaten Ponorogo,Mei 2022,1016.38,259.4,83.97,26.38,11.79,9.33,13114.83
Kabupaten Ponorogo,Juni 2022,1757.44,142.4,80.7,25.94,16.6,9.87,14317.9
Kabupaten Ponorogo,Juli 2022,2300.01,24.0,75.39,26.0,22.83,10.51,74823.45
Kabupaten Ponorogo,Agustus 2022,563.16,70.7,73.77,26.23,22.97,10.72,36298.96
Kabupaten Ponorogo,September 2022,449.2,103.1,74.3,26.58,23.9,10.43,9197.29
Kabupaten Ponorogo,Oktober 2022,371.33,256.6,78.68,26.21,15.78,8.63,412.1
Kabupaten Ponorogo,November 2022,825.65,397.3,82.8,26.1,13.18,7.42,10319.55
Kabupaten Ponorogo,Desember 2022,79.77,274.0,81.35,25.92,13.14,7.64,43872.34
Kabupaten Ponorogo,Januari 2023,393.6,189.8,80.52,26.03,11.79,8.63,15005.61
Kabupaten Ponorogo,Februari 2023,3890.75,442.7,84.96,25.32,11.63,6.13,706.23
Kabupaten Ponorogo,Maret 2023,4706.16,289.0,82.0,26.08,11.51,9.13,84201.65
Kabupaten Ponorogo,April 2023,1714.68,144.3,80.5,26.67,11.12,9.18,61226.25
Kabupaten Ponorogo,Mei 2023,555.38,125.7,77.1,26.42,18.45,10.36,21378.84
Kabupaten Ponorogo,Juni 2023,2531.34,12.5,74.07,26.82,21.28,10.8,28498.0
Kabupaten Ponorogo,Juli 2023,1898.33,31.6,74.42,25.59,25.18,10.52,62003.73
Kabupaten Ponorogo,Agustus 2023,874.84,0.4,73.06,25.26,26.42,10.94,45004.26
Kabupaten Ponorogo,September 2023,188.87,0.1,68.7,26.07,29.17,11.01,14839.43
Kabupaten Ponorogo,Oktober 2023,131.21,12.7,64.9,28.41,25.56,11.31,1633.69
Kabupaten Ponorogo,November 2023,617.53,86.0,68.57,28.95,21.08,10.97,10194.9
Kabupaten Ponorogo,Desember 2023,420.71,135.1,71.55,28.05,16.63,9.92,48301.49
Kabupaten Ponorogo,Januari 2024,61.91,349.6,80.9,27.01,10.76,8.45,17192.11
Kabupaten Ponorogo,Februari 2024,44.17,274.4,83.21,26.93,9.89,8.68,923.34
Kabupaten Ponorogo,Maret 2024,2540.48,185.0,80.81,27.18,12.97,8.26,41582.99
Kabupaten Ponorogo,April 2024,5009.7,141.0,81.0,27.56,14.05,9.38,97544.06
Kabupaten Ponorogo,Mei 2024,3330.43,24.1,76.03,27.34,20.81,10.72,26975.57
Kabupaten Ponorogo,Juni 2024,649.14,24.1,73.3,27.39,21.09,10.8,14438.98
Kabupaten Ponorogo,Juli 2024,414.22,13.4,72.06,26.2,25.17,10.51,47397.46
Kabupaten Ponorogo,Agustus 2024,1450.87,11.3,70.97,25.99,27.16,10.94,55669.54
Kabupaten Ponorogo,September 2024,442.16,94.6,70.67,27.21,24.05,10.73,25458.43
Kabupaten Ponorogo,Oktober 2024,203.6,73.1,70.45,27.95,23.42,11.05,3247.33
Kabupaten Ponorogo,November 2024,71.53,335.2,81.2,27.11,13.59,9.19,7482.04
Kabupaten Ponorogo,Desember 2024,384.64,320.1,84.0,26.31,10.55,6.97,41333.06
Kabupaten Trenggalek,Januari 2018,17.0,265.8,87.35,23.47,12.66,6.07,97.07
Kabupaten Trenggalek,Februari 2018,504.0,225.4,87.93,23.34,10.81,8.23,2943.02
Kabupaten Trenggalek,Maret 2018,5118.0,203.4,88.45,23.67,10.26,9.8,28681.52
Kabupaten Trenggalek,April 2018,3759.0,129.3,89.2,23.88,11.76,10.55,21859.55
Kabupaten Trenggalek,Mei 2018,1083.0,85.2,89.55,23.22,15.46,10.52,5343.73
Kabupaten Trenggalek,Juni 2018,580.0,200.7,91.93,22.37,14.9,9.3,2913.26
Kabupaten Trenggalek,Juli 2018,4298.0,117.3,91.61,20.92,16.66,10.38,21422.51
Kabupaten Trenggalek,Agustus 2018,2714.0,145.3,91.13,20.78,16.63,9.49,13585.82
Kabupaten Trenggalek,September 2018,1649.0,108.9,90.13,21.7,15.19,9.98,8319.57
Kabupaten Trenggalek,Oktober 2018,1280.0,99.6,89.35,22.88,15.6,10.67,6579.01
Kabupaten Trenggalek,November 2018,1061.0,419.7,92.07,23.48,12.75,8.13,5353.82
Kabupaten Trenggalek,Desember 2018,669.0,441.0,89.29,23.58,14.58,7.52,3475.75
Kabupaten Trenggalek,Januari 2019,397.0,325.5,87.9,23.99,11.86,7.79,2476.15
Kabupaten Trenggalek,Februari 2019,86.0,230.5,89.71,23.98,9.73,9.32,533.68
Kabupaten Trenggalek,Maret 2019,3904.0,319.9,89.23,23.75,10.38,7.14,24288.42
Kabupaten Trenggalek,April 2019,4475.0,244.1,91.73,23.9,11.41,9.73,27725.08
Kabupaten Trenggalek,Mei 2019,1703.0,144.4,91.71,23.04,15.27,10.85,8197.32
Kabupaten Trenggalek,Juni 2019,282.0,92.6,91.77,21.68,15.4,10.32,1367.35
Kabupaten Trenggalek,Juli 2019,3951.0,133.1,91.94,21.03,16.92,10.12,18971.71
Kabupaten Trenggalek,Agustus 2019,3039.0,112.5,91.26,20.81,17.16,10.3,14719.07
Kabupaten Trenggalek,September 2019,1295.0,66.5,90.3,21.35,17.18,10.37,6846.35
Kabupaten Trenggalek,Oktober 2019,842.0,61.3,87.48,23.06,15.71,10.9,4431.4
Kabupaten Trenggalek,November 2019,234.0,135.6,88.3,23.8,13.41,10.6,1254.98
Kabupaten Trenggalek,Desember 2019,268.0,311.0,88.13,24.67,10.84,9.16,1402.06
Kabupaten Trenggalek,Januari 2020,130.0,223.5,88.06,24.21,11.16,9.02,791.3
Kabupaten Trenggalek,Februari 2020,223.0,340.1,89.86,24.19,9.22,7.44,1364.88
Kabupaten Trenggalek,Maret 2020,1318.0,350.9,89.81,24.29,9.92,8.17,8047.35
Kabupaten Trenggalek,April 2020,4979.0,259.6,90.67,24.23,10.17,9.71,30181.55
Kabupaten Trenggalek,Mei 2020,3027.0,336.2,91.35,24.02,12.21,9.4,15715.76
Kabupaten Trenggalek,Juni 2020,597.0,265.1,93.53,22.7,14.4,9.68,3128.69
Kabupaten Trenggalek,Juli 2020,2541.0,183.1,92.84,21.82,16.7,9.88,13281.07
Kabupaten Trenggalek,Agustus 2020,2296.0,129.6,92.48,22.01,15.5,10.01,11977.24
Kabupaten Trenggalek,September 2020,2514.0,190.7,92.5,22.53,16.12,10.46,13331.6
Kabupaten Trenggalek,Oktober 2020,493.0,367.1,94.26,22.93,13.27,8.49,2613.79
Kabupaten Trenggalek,November 2020,1064.0,484.8,91.97,23.7,11.75,7.94,5634.54
Kabupaten Trenggalek,Desember 2020,448.0,429.7,89.03,23.52,12.56,6.91,2377.85
Kabupaten Trenggalek,Januari 2021,565.0,434.5,88.55,23.46,11.2,5.73,3289.59
Kabupaten Trenggalek,Februari 2021,829.0,422.7,88.79,23.59,11.92,6.87,4877.49
Kabupaten Trenggalek,Maret 2021,3401.0,311.1,89.16,23.75,9.83,8.68,20209.95
Kabupaten Trenggalek,April 2021,4593.0,281.0,89.1,23.71,10.86,10.1,26974.16
Kabupaten Trenggalek,Mei 2021,783.0,166.6,91.0,23.65,12.46,10.55,3542.64
Kabupaten Trenggalek,Juni 2021,1416.0,305.7,92.07,23.31,10.05,9.35,6394.21
Kabupaten Trenggalek,Juli 2021,5033.0,135.6,91.65,22.36,14.7,10.42,22845.22
Kabupaten Trenggalek,Agustus 2021,1931.0,282.1,93.45,22.15,15.8,9.97,8802.36
Kabupaten Trenggalek,September 2021,536.0,365.4,92.23,22.52,16.04,10.08,2654.64
Kabupaten Trenggalek,Oktober 2021,784.0,179.8,90.68,22.95,14.29,9.6,3871.61
Kabupaten Trenggalek,November 2021,1412.0,441.1,90.67,23.46,9.99,6.48,7046.7
Kabupaten Trenggalek,Desember 2021,1210.0,301.9,88.94,23.88,12.05,7.43,5947.77
Kabupaten Trenggalek,Januari 2022,508.19,187.9,86.65,23.64,12.09,7.84,2862.67
Kabupaten Trenggalek,Februari 2022,128.91,335.0,87.82,23.66,12.41,7.65,726.16
Kabupaten Trenggalek,Maret 2022,5101.36,332.9,89.94,23.77,10.92,8.52,28038.22
Kabupaten Trenggalek,April 2022,3306.49,264.3,90.1,23.68,10.48,9.35,18316.05
Kabupaten Trenggalek,Mei 2022,1016.85,226.1,90.1,24.04,10.05,9.19,5131.56
Kabupaten Trenggalek,Juni 2022,544.91,186.3,90.63,22.97,12.26,9.57,2751.17
Kabupaten Trenggalek,Juli 2022,4676.86,198.0,90.94,22.3,15.48,9.32,23599.74
Kabupaten Trenggalek,Agustus 2022,2275.88,242.0,91.26,22.21,16.05,9.57,11482.39
Kabupaten Trenggalek,September 2022,679.83,222.1,91.5,22.57,14.79,9.22,3457.26
Kabupaten Trenggalek,Oktober 2022,858.6,430.1,90.94,22.72,12.99,7.13,4389.65
Kabupaten Trenggalek,November 2022,1675.62,507.6,90.3,23.31,10.39,6.5,8628.65
Kabupaten Trenggalek,Desember 2022,1253.47,328.2,88.06,23.37,13.14,8.12,6374.49
Kabupaten Trenggalek,Januari 2023,498.72,176.0,86.87,23.48,14.22,8.73,2787.78
Kabupaten Trenggalek,Februari 2023,752.81,320.3,87.36,23.51,12.69,6.17,3926.37
Kabupaten Trenggalek,Maret 2023,5434.66,312.4,88.32,23.61,10.76,8.87,29959.07
Kabupaten Trenggalek,April 2023,2937.63,170.4,89.23,23.75,11.54,9.01,16011.57
Kabupaten Trenggalek,Mei 2023,913.54,159.4,89.35,23.13,13.27,10.02,4375.01
Kabupaten Trenggalek,Juni 2023,693.14,182.1,91.93,22.69,14.27,9.76,3292.29
Kabupaten Trenggalek,Juli 2023,3928.73,249.6,92.42,21.39,17.61,9.24,18609.33
Kabupaten Trenggalek,Agustus 2023,3404.94,92.1,91.77,21.11,17.14,10.16,16132.09
Kabupaten Trenggalek,September 2023,657.65,58.9,89.4,21.58,16.84,10.55,3727.68
Kabupaten Trenggalek,Oktober 2023,457.84,47.3,85.13,23.73,15.34,10.91,2606.97
Kabupaten Trenggalek,November 2023,1525.25,144.5,87.2,24.33,14.12,10.34,8638.02
Kabupaten Trenggalek,Desember 2023,844.45,185.2,85.1,24.13,13.2,9.67,4808.35
Kabupaten Trenggalek,Januari 2024,317.75,223.0,88.42,24.18,11.24,8.76,1950.36
Kabupaten Trenggalek,Februari 2024,67.77,252.8,88.52,24.39,9.07,8.56,401.72
Kabupaten Trenggalek,Maret 2024,1069.77,290.4,88.1,24.4,11.77,8.49,6494.4
Kabupaten Trenggalek,April 2024,4599.55,260.8,92.23,24.18,12.42,8.97,27952.25
Kabupaten Trenggalek,Mei 2024,3090.94,136.2,92.29,23.41,15.41,10.67,17497.94
Kabupaten Trenggalek,Juni 2024,1067.0,172.4,92.13,23.03,15.36,9.9,6105.63
Kabupaten Trenggalek,Juli 2024,1272.62,164.6,91.61,21.77,17.09,10.07,7190.48
Kabupaten Trenggalek,Agustus 2024,3643.84,90.2,90.71,21.58,17.23,10.46,20765.44
Kabupaten Trenggalek,September 2024,839.97,141.4,89.17,22.8,15.08,10.48,4453.95
Kabupaten Trenggalek,Oktober 2024,1005.75,139.9,89.03,23.5,15.3,10.51,5345.06
Kabupaten Trenggalek,November 2024,542.15,317.7,90.07,24.04,10.01,9.14,2882.99
Kabupaten Trenggalek,Desember 2024,722.34,356.9,90.06,23.81,10.29,6.55,3819.13
Kabupaten Tulungagung,Januari 2018,318.0,302.4,88.16,24.94,11.84,6.45,2210.32
Kabupaten Tulungagung,Februari 2018,1649.0,299.9,89.07,24.79,10.86,8.24,11479.46
Kabupaten Tulungagung,Maret 2018,5143.0,197.2,87.58,25.35,12.45,10.06,35537.57
Kabupaten Tulungagung,April 2018,9415.0,123.1,87.63,25.76,12.32,10.55,65542.98
Kabupaten Tulungagung,Mei 2018,1964.0,44.0,83.0,25.62,17.5,10.5,10914.95
Kabupaten Tulungagung,Juni 2018,1142.0,67.9,82.8,25.06,19.24,9.95,6344.94
Kabupaten Tulungagung,Juli 2018,2906.0,9.9,82.55,23.66,19.85,10.71,16147.51
Kabupaten Tulungagung,Agustus 2018,7365.0,13.3,78.42,24.05,20.73,10.05,40925.79
Kabupaten Tulungagung,September 2018,2594.0,22.8,77.9,25.04,19.91,10.4,14358.72
Kabupaten Tulungagung,Oktober 2018,1261.0,33.6,76.9,26.22,20.23,10.88,6978.27
Kabupaten Tulungagung,November 2018,1090.0,313.1,85.33,25.93,15.46,8.88,6035.56
Kabupaten Tulungagung,Desember 2018,74.0,342.2,84.94,25.75,16.2,7.99,408.55
Kabupaten Tulungagung,Januari 2019,880.0,360.7,88.94,25.4,12.36,7.96,4610.19
Kabupaten Tulungagung,Februari 2019,481.0,228.2,88.75,25.64,11.11,9.5,2517.03
Kabupaten Tulungagung,Maret 2019,3047.0,365.8,89.71,25.25,11.55,7.78,15875.9
Kabupaten Tulungagung,April 2019,9458.0,222.6,88.63,25.94,12.08,9.59,49525.63
Kabupaten Tulungagung,Mei 2019,5621.0,49.8,85.52,25.41,17.29,10.96,32536.31
Kabupaten Tulungagung,Juni 2019,1239.0,8.9,83.7,24.25,19.03,10.54,7172.69
Kabupaten Tulungagung,Juli 2019,1120.0,15.0,81.9,23.99,20.57,10.07,6483.37
Kabupaten Tulungagung,Agustus 2019,6288.0,7.9,79.48,24.0,21.53,10.4,36305.8
Kabupaten Tulungagung,September 2019,4040.0,6.7,78.27,24.58,22.0,10.72,25987.45
Kabupaten Tulungagung,Oktober 2019,1108.0,14.0,77.77,26.12,20.49,11.0,7037.46
Kabupaten Tulungagung,November 2019,848.0,81.9,79.33,26.73,17.15,10.81,5453.04
Kabupaten Tulungagung,Desember 2019,455.0,268.9,84.77,26.73,12.87,9.33,2925.71
Kabupaten Tulungagung,Januari 2020,850.0,225.7,87.32,25.95,12.52,9.17,5272.38
Kabupaten Tulungagung,Februari 2020,75.0,334.6,90.48,25.55,11.34,7.64,467.61
Kabupaten Tulungagung,Maret 2020,467.0,317.3,89.81,25.8,11.55,8.5,2897.05
Kabupaten Tulungagung,April 2020,7276.0,203.0,88.77,26.08,11.44,9.77,44982.98
Kabupaten Tulungagung,Mei 2020,9932.0,205.2,86.87,26.18,13.87,9.6,57332.97
Kabupaten Tulungagung,Juni 2020,2656.0,87.7,86.2,25.05,17.1,10.41,15334.57
Kabupaten Tulungagung,Juli 2020,216.0,34.6,83.84,24.47,19.41,10.26,1248.75
Kabupaten Tulungagung,Agustus 2020,2911.0,47.8,82.9,24.77,19.04,10.44,16803.2
Kabupaten Tulungagung,September 2020,5666.0,92.7,82.3,25.45,19.74,10.76,32241.42
Kabupaten Tulungagung,Oktober 2020,5616.0,210.2,85.48,25.51,16.89,9.08,31986.65
Kabupaten Tulungagung,November 2020,923.0,307.2,87.8,25.77,13.32,8.04,5256.44
Kabupaten Tulungagung,Desember 2020,101.0,368.2,88.84,25.06,14.21,7.3,574.11
Kabupaten Tulungagung,Januari 2021,530.0,348.2,90.13,24.87,11.62,5.68,3176.82
Kabupaten Tulungagung,Februari 2021,3523.0,357.9,90.96,24.65,12.45,7.12,21040.78
Kabupaten Tulungagung,Maret 2021,3642.0,226.8,89.1,25.3,11.25,8.93,21846.71
Kabupaten Tulungagung,April 2021,9326.0,174.6,87.4,25.54,12.18,10.12,55933.06
Kabupaten Tulungagung,Mei 2021,3468.0,63.5,84.52,26.13,14.45,10.53,19781.03
Kabupaten Tulungagung,Juni 2021,2538.0,205.9,87.37,25.54,12.56,9.61,14473.37
Kabupaten Tulungagung,Juli 2021,3092.0,31.3,83.42,24.84,18.03,10.56,17635.51
Kabupaten Tulungagung,Agustus 2021,5813.0,60.1,83.94,24.91,19.19,10.72,33153.41
Kabupaten Tulungagung,September 2021,4096.0,243.2,83.57,25.21,19.11,10.09,26320.94
Kabupaten Tulungagung,Oktober 2021,2060.0,132.9,82.35,25.62,17.03,10.06,13236.8
Kabupaten Tulungagung,November 2021,1127.0,427.5,89.2,25.19,12.18,6.45,7239.09
Kabupaten Tulungagung,Desember 2021,635.0,361.7,87.84,25.55,13.62,7.86,4079.44
Kabupaten Tulungagung,Januari 2022,2133.15,329.5,87.74,24.95,12.99,8.13,11798.84
Kabupaten Tulungagung,Februari 2022,827.77,293.9,90.36,24.71,14.11,7.91,4578.55
Kabupaten Tulungagung,Maret 2022,4178.46,418.8,90.52,25.14,12.84,8.22,23033.24
Kabupaten Tulungagung,April 2022,10366.31,246.3,89.13,25.34,12.08,9.38,57337.95
Kabupaten Tulungagung,Mei 2022,3031.91,214.6,89.48,25.61,11.44,9.25,15382.79
Kabupaten Tulungagung,Juni 2022,1685.79,142.9,87.23,24.97,13.05,9.27,8553.07
Kabupaten Tulungagung,Juli 2022,2841.11,80.0,83.81,24.69,17.58,10.41,14414.74
Kabupaten Tulungagung,Agustus 2022,7473.64,83.6,82.29,24.85,19.36,10.08,37918.48
Kabupaten Tulungagung,September 2022,2218.64,149.3,83.5,25.18,17.58,9.84,10850.19
Kabupaten Tulungagung,Oktober 2022,2303.05,310.1,86.45,24.85,15.57,7.65,11263.0
Kabupaten Tulungagung,November 2022,1565.33,425.8,88.7,25.06,12.28,7.15,7655.2
Kabupaten Tulungagung,Desember 2022,906.09,365.4,88.29,24.95,14.55,8.13,4431.21
Kabupaten Tulungagung,Januari 2023,2348.64,225.2,85.42,25.34,14.9,8.92,13878.91
Kabupaten Tulungagung,Februari 2023,1560.66,392.5,90.18,24.57,12.65,6.4,9046.44
Kabupaten Tulungagung,Maret 2023,9612.43,245.4,88.71,25.21,12.63,9.01,56803.12
Kabupaten Tulungagung,April 2023,5252.79,181.6,86.9,25.68,12.83,9.0,31040.53
Kabupaten Tulungagung,Mei 2023,1736.9,126.4,85.06,25.2,14.91,10.12,9592.47
Kabupaten Tulungagung,Juni 2023,1938.0,47.2,83.67,25.29,17.48,10.41,10703.09
Kabupaten Tulungagung,Juli 2023,5519.43,67.8,84.0,24.11,19.15,10.08,30482.44
Kabupaten Tulungagung,Agustus 2023,5682.48,9.3,82.68,24.05,20.0,10.57,31382.92
Kabupaten Tulungagung,September 2023,2049.06,15.8,80.73,24.48,20.71,10.62,13242.54
Kabupaten Tulungagung,Oktober 2023,1565.1,30.6,79.81,26.47,17.93,11.03,10114.83
Kabupaten Tulungagung,November 2023,1515.03,133.3,81.9,26.86,16.99,10.7,9791.24
Kabupaten Tulungagung,Desember 2023,1458.14,141.2,80.71,26.55,16.24,9.85,9423.58
Kabupaten Tulungagung,Januari 2024,1286.68,311.6,85.97,26.15,14.17,8.94,7995.45
Kabupaten Tulungagung,Februari 2024,1201.97,257.7,88.93,26.05,11.06,8.87,7469.06
Kabupaten Tulungagung,Maret 2024,766.34,237.8,88.1,26.01,12.99,8.53,4762.05
Kabupaten Tulungagung,April 2024,6294.13,179.7,88.4,26.4,12.9,8.97,38892.89
Kabupaten Tulungagung,Mei 2024,6795.19,55.7,85.48,26.07,16.36,10.74,42110.8
Kabupaten Tulungagung,Juni 2024,4488.76,50.6,82.07,26.01,17.75,10.58,27817.51
Kabupaten Tulungagung,Juli 2024,1278.36,39.9,80.9,24.82,19.75,10.45,7922.19
Kabupaten Tulungagung,Agustus 2024,4130.49,16.9,79.87,24.72,20.49,10.6,25597.26
Kabupaten Tulungagung,September 2024,2451.33,81.0,81.0,25.77,18.37,10.74,16160.7
Kabupaten Tulungagung,Oktober 2024,3196.6,107.6,81.42,26.26,18.17,10.89,21073.99
Kabupaten Tulungagung,November 2024,1812.32,346.6,87.9,26.08,12.77,8.76,11947.9
Kabupaten Tulungagung,Desember 2024,465.82,383.9,88.84,25.63,12.29,6.97,3070.97
Kabupaten Blitar,Januari 2018,344.0,372.9,85.77,24.91,13.61,6.18,2123.29
Kabupaten Blitar,Februari 2018,1544.0,305.0,86.39,24.79,12.62,8.07,9013.42
Kabupaten Blitar,Maret 2018,6417.0,204.8,85.9,25.09,11.66,9.57,38862.23
Kabupaten Blitar,April 2018,10042.0,102.6,83.8,25.6,11.51,10.28,61519.8
Kabupaten Blitar,Mei 2018,5677.0,25.5,72.74,26.19,17.2,10.59,32247.23
Kabupaten Blitar,Juni 2018,1584.0,70.5,76.6,25.34,19.23,10.23,8911.26
Kabupaten Blitar,Juli 2018,3495.0,11.2,76.52,23.92,19.07,10.65,19805.22
Kabupaten Blitar,Agustus 2018,2099.0,22.5,74.55,24.09,20.13,10.1,11956.61
Kabupaten Blitar,September 2018,1675.0,25.0,74.83,24.98,19.62,10.53,11326.11
Kabupaten Blitar,Oktober 2018,1922.0,31.0,73.81,26.14,19.79,11.08,12842.01
Kabupaten Blitar,November 2018,890.0,312.0,85.8,25.56,14.53,8.47,6019.42
Kabupaten Blitar,Desember 2018,1413.0,344.7,87.0,25.2,14.33,7.1,9552.03
Kabupaten Blitar,Januari 2019,1117.0,437.9,86.55,25.43,15.38,7.7,7160.03
Kabupaten Blitar,Februari 2019,821.0,288.0,86.79,25.39,10.78,8.43,5275.88
Kabupaten Blitar,Maret 2019,3490.0,539.6,87.65,25.07,12.35,7.33,20283.15
Kabupaten Blitar,April 2019,10972.0,228.0,87.0,25.55,11.28,9.34,69990.1
Kabupaten Blitar,Mei 2019,8076.0,26.7,81.1,25.31,16.19,10.92,45601.73
Kabupaten Blitar,Juni 2019,2553.0,15.4,76.2,24.66,19.23,10.58,14420.69
Kabupaten Blitar,Juli 2019,796.0,15.4,75.23,24.27,20.23,10.38,4479.15
Kabupaten Blitar,Agustus 2019,2047.0,7.4,72.87,24.37,21.22,10.76,11534.68
Kabupaten Blitar,September 2019,1813.0,4.5,71.0,25.17,21.39,10.98,12903.84
Kabupaten Blitar,Oktober 2019,2422.0,15.6,71.65,26.47,20.81,11.31,17393.19
Kabupaten Blitar,November 2019,1599.0,92.6,77.2,26.67,16.16,10.95,11483.51
Kabupaten Blitar,Desember 2019,488.0,285.7,84.39,26.34,11.54,8.69,3501.24
Kabupaten Blitar,Januari 2020,314.0,254.8,85.42,25.76,12.96,9.01,1870.27
Kabupaten Blitar,Februari 2020,486.0,359.4,87.83,25.64,12.59,7.99,2730.98
Kabupaten Blitar,Maret 2020,2124.0,377.6,87.45,25.74,11.95,7.81,12637.8
Kabupaten Blitar,April 2020,8147.0,247.5,86.27,25.79,11.0,9.48,46673.67
Kabupaten Blitar,Mei 2020,10559.0,261.6,84.77,25.8,12.35,9.5,53297.58
Kabupaten Blitar,Juni 2020,2786.0,84.9,84.17,24.69,15.79,10.56,14064.84
Kabupaten Blitar,Juli 2020,1038.0,29.3,80.26,24.34,18.13,10.37,5259.5
Kabupaten Blitar,Agustus 2020,2079.0,40.9,79.87,24.54,17.59,10.54,10509.89
Kabupaten Blitar,September 2020,3022.0,69.5,78.63,25.39,19.63,10.91,20763.24
Kabupaten Blitar,Oktober 2020,3187.0,399.3,83.9,25.43,15.95,9.43,21814.36
Kabupaten Blitar,November 2020,951.0,291.7,87.23,25.46,12.55,7.97,6532.63
Kabupaten Blitar,Desember 2020,101.0,449.6,87.39,24.9,15.0,6.98,692.77
Kabupaten Blitar,Januari 2021,1636.0,641.1,87.48,24.81,13.16,5.49,10497.28
Kabupaten Blitar,Februari 2021,2204.0,331.0,85.54,25.11,17.95,7.45,13122.46
Kabupaten Blitar,Maret 2021,4430.0,243.7,86.26,25.21,12.07,8.58,27847.25
Kabupaten Blitar,April 2021,9102.0,181.6,84.13,25.27,12.63,9.85,59112.91
Kabupaten Blitar,Mei 2021,7690.0,49.7,81.06,25.93,12.83,10.53,47925.3
Kabupaten Blitar,Juni 2021,2496.0,193.6,83.9,25.4,11.65,9.45,15518.55
Kabupaten Blitar,Juli 2021,2310.0,35.9,80.39,24.51,16.15,10.6,14291.18
Kabupaten Blitar,Agustus 2021,2065.0,61.6,81.23,24.79,17.91,10.91,12907.61
Kabupaten Blitar,September 2021,2043.0,180.1,81.87,24.95,17.51,9.99,14069.02
Kabupaten Blitar,Oktober 2021,1797.0,146.8,82.65,25.25,15.78,9.74,12376.19
Kabupaten Blitar,November 2021,1360.0,470.3,88.83,24.81,10.73,5.54,9365.02
Kabupaten Blitar,Desember 2021,1506.0,426.0,87.9,25.1,12.49,7.05,10333.5
Kabupaten Blitar,Januari 2022,897.41,342.8,84.48,25.09,13.89,8.45,5895.45
Kabupaten Blitar,Februari 2022,907.23,344.5,85.61,25.02,15.01,7.65,6030.96
Kabupaten Blitar,Maret 2022,4589.3,390.3,87.19,25.15,13.15,7.85,28149.61
Kabupaten Blitar,April 2022,10836.26,220.1,86.2,25.12,11.48,9.07,76764.97
Kabupaten Blitar,Mei 2022,6094.47,218.4,85.84,25.5,11.54,9.27,32865.16
Kabupaten Blitar,Juni 2022,1439.57,128.1,85.33,24.6,13.47,9.45,7763.05
Kabupaten Blitar,Juli 2022,1711.76,69.4,81.71,24.45,16.91,10.63,9165.88
Kabupaten Blitar,Agustus 2022,1903.2,73.1,79.55,24.85,17.74,10.26,10244.33
Kabupaten Blitar,September 2022,2207.72,153.5,82.37,24.97,15.95,9.92,14799.84
Kabupaten Blitar,Oktober 2022,1995.28,268.7,87.29,24.43,13.9,7.0,13375.71
Kabupaten Blitar,November 2022,1036.68,502.5,88.53,24.73,11.78,6.35,6949.56
Kabupaten Blitar,Desember 2022,518.86,502.9,86.81,24.67,13.85,7.53,3478.27
Kabupaten Blitar,Januari 2023,927.32,271.5,85.87,24.86,15.22,8.75,6236.93
Kabupaten Blitar,Februari 2023,2464.55,409.2,86.29,24.85,15.55,6.53,15391.9
Kabupaten Blitar,Maret 2023,6767.38,281.8,86.19,25.09,12.1,9.05,44937.3
Kabupaten Blitar,April 2023,9054.95,218.0,86.27,25.15,11.77,8.56,62121.93
Kabupaten Blitar,Mei 2023,3530.6,123.4,83.1,24.84,13.86,10.01,20884.39
Kabupaten Blitar,Juni 2023,2037.29,37.8,81.4,25.11,16.31,10.5,11921.23
Kabupaten Blitar,Juli 2023,2441.75,63.3,80.71,24.06,18.57,10.1,14266.77
Kabupaten Blitar,Agustus 2023,2540.18,7.8,77.68,24.05,18.95,10.66,15025.81
Kabupaten Blitar,September 2023,1482.65,8.5,73.73,24.87,20.46,10.82,11187.12
Kabupaten Blitar,Oktober 2023,1616.52,41.9,75.0,26.57,17.75,11.19,12197.22
Kabupaten Blitar,November 2023,1759.79,105.1,79.23,26.65,15.89,10.62,13097.0
Kabupaten Blitar,Desember 2023,1717.19,116.1,80.26,26.09,14.04,9.1,12956.81
Kabupaten Blitar,Januari 2024,682.25,328.8,86.29,25.7,12.75,8.31,4000.31
Kabupaten Blitar,Februari 2024,636.75,360.2,86.86,25.85,11.64,8.5,3733.52
Kabupaten Blitar,Maret 2024,1843.64,259.9,84.71,26.0,15.15,8.48,10188.78
Kabupaten Blitar,April 2024,5976.4,246.0,87.83,26.0,12.62,8.19,33912.17
Kabupaten Blitar,Mei 2024,10138.61,49.9,83.55,25.73,14.96,10.8,51445.49
Kabupaten Blitar,Juni 2024,3261.73,31.3,80.83,25.59,16.19,10.52,17095.68
Kabupaten Blitar,Juli 2024,908.17,24.0,77.0,24.72,18.82,10.42,4675.76
Kabupaten Blitar,Agustus 2024,1360.62,10.2,75.16,24.74,19.84,10.69,6904.23
Kabupaten Blitar,September 2024,1825.01,64.0,76.73,25.62,17.33,10.71,11959.52
Kabupaten Blitar,Oktober 2024,1614.52,97.5,77.84,26.18,16.69,11.09,10580.12
Kabupaten Blitar,November 2024,1863.3,458.3,87.17,25.49,12.12,7.82,12210.44
Kabupaten Blitar,Desember 2024,678.76,571.6,88.71,25.23,12.79,6.8,4448.0
Kabupaten Kediri,Januari 2018,570.0,494.0,85.19,24.7,14.29,7.0,3391.66
Kabupaten Kediri,Februari 2018,2077.0,471.2,86.75,24.41,13.25,7.92,12358.98
Kabupaten Kediri,Maret 2018,11567.0,195.2,84.77,24.94,16.1,9.78,68788.9
Kabupaten Kediri,April 2018,5815.0,146.4,83.67,25.31,11.87,10.34,34595.0
Kabupaten Kediri,Mei 2018,1614.0,13.2,74.48,25.73,15.68,10.62,9261.07
Kabupaten Kediri,Juni 2018,2186.0,30.2,72.97,25.55,20.23,10.53,12542.02
Kabupaten Kediri,Juli 2018,6232.0,4.7,70.29,24.61,24.29,10.85,35752.48
Kabupaten Kediri,Agustus 2018,2359.0,4.8,67.97,24.67,26.77,10.95,13536.18
Kabupaten Kediri,September 2018,983.0,18.7,68.93,25.49,26.27,10.84,6343.24
Kabupaten Kediri,Oktober 2018,1013.0,21.8,67.94,26.63,25.15,11.34,6533.19
Kabupaten Kediri,November 2018,1780.0,194.3,81.33,25.79,20.09,9.4,11487.45
Kabupaten Kediri,Desember 2018,813.0,483.3,84.23,25.21,18.87,7.74,5244.66
Kabupaten Kediri,Januari 2019,1250.0,771.8,87.74,24.91,14.24,7.25,7363.99
Kabupaten Kediri,Februari 2019,1825.0,415.5,86.64,25.09,11.98,8.59,10754.81
Kabupaten Kediri,Maret 2019,11127.0,495.9,86.55,24.88,13.79,7.8,65559.19
Kabupaten Kediri,April 2019,7350.0,243.9,86.53,25.32,11.74,9.49,43303.7
Kabupaten Kediri,Mei 2019,1543.0,39.2,78.55,25.47,15.33,10.87,7956.93
Kabupaten Kediri,Juni 2019,1226.0,14.7,71.87,24.98,21.96,10.77,6320.49
Kabupaten Kediri,Juli 2019,7393.0,36.8,71.35,24.52,23.27,10.75,38096.62
Kabupaten Kediri,Agustus 2019,4282.0,7.9,66.65,24.98,25.39,10.88,22075.46
Kabupaten Kediri,September 2019,778.0,7.1,66.3,25.67,25.4,11.01,4823.57
Kabupaten Kediri,Oktober 2019,319.0,16.8,66.32,26.91,25.35,11.37,1980.86
Kabupaten Kediri,November 2019,1301.0,85.9,72.9,26.9,22.1,11.15,8067.92
Kabupaten Kediri,Desember 2019,1054.0,453.7,84.16,25.97,14.99,8.75,6534.28
Kabupaten Kediri,Januari 2020,1358.0,430.0,85.61,25.48,13.49,9.02,8536.85
Kabupaten Kediri,Februari 2020,965.0,492.0,89.17,25.13,12.25,7.89,6063.19
Kabupaten Kediri,Maret 2020,8871.0,455.9,88.35,25.26,12.05,7.87,55726.05
Kabupaten Kediri,April 2020,8972.0,281.3,87.5,25.36,10.2,9.29,56372.71
Kabupaten Kediri,Mei 2020,2310.0,123.7,84.39,25.69,12.82,9.75,12634.62
Kabupaten Kediri,Juni 2020,991.0,49.6,81.4,24.87,14.73,10.62,5421.65
Kabupaten Kediri,Juli 2020,5975.0,24.7,75.45,24.75,20.19,10.72,32666.34
Kabupaten Kediri,Agustus 2020,3239.0,31.9,74.16,25.19,21.73,10.79,17713.75
Kabupaten Kediri,September 2020,943.0,55.4,72.23,25.93,23.59,10.94,5318.86
Kabupaten Kediri,Oktober 2020,815.0,215.5,81.06,25.45,19.67,9.93,4600.14
Kabupaten Kediri,November 2020,1149.0,258.0,85.57,25.36,16.81,8.67,6485.08
Kabupaten Kediri,Desember 2020,775.0,456.0,85.94,24.81,16.55,7.3,4374.17
Kabupaten Kediri,Januari 2021,847.0,568.8,87.68,24.49,15.51,5.42,5048.24
Kabupaten Kediri,Februari 2021,959.0,714.7,88.82,24.42,15.54,7.31,5712.86
Kabupaten Kediri,Maret 2021,9077.0,555.6,86.13,24.89,12.71,8.75,54046.94
Kabupaten Kediri,April 2021,8246.0,194.2,82.3,25.12,13.31,9.74,49110.37
Kabupaten Kediri,Mei 2021,1391.0,112.0,81.1,25.66,12.54,10.33,6952.79
Kabupaten Kediri,Juni 2021,852.0,133.5,84.73,24.93,11.69,9.52,4258.15
Kabupaten Kediri,Juli 2021,6709.0,21.8,75.58,24.8,19.16,10.71,33539.58
Kabupaten Kediri,Agustus 2021,3237.0,38.7,74.61,25.38,21.43,10.97,16184.12
Kabupaten Kediri,September 2021,654.0,88.0,75.6,25.5,21.49,10.54,4028.96
Kabupaten Kediri,Oktober 2021,890.0,128.2,77.39,25.67,23.9,10.61,5480.41
Kabupaten Kediri,November 2021,714.0,475.4,87.07,24.75,16.34,6.57,4398.58
Kabupaten Kediri,Desember 2021,1536.0,361.1,85.65,25.19,17.82,7.56,9461.01
Kabupaten Kediri,Januari 2022,629.63,533.3,84.84,24.79,15.33,8.11,3982.84
Kabupaten Kediri,Februari 2022,1018.74,432.1,87.11,24.44,15.33,7.57,6444.23
Kabupaten Kediri,Maret 2022,8128.63,650.5,87.35,24.75,14.57,8.25,51324.93
Kabupaten Kediri,April 2022,6420.84,345.2,86.0,24.85,14.71,9.08,40549.24
Kabupaten Kediri,Mei 2022,922.68,280.4,86.87,25.03,12.27,8.91,4447.09
Kabupaten Kediri,Juni 2022,869.51,241.3,84.53,24.41,14.08,9.36,4190.83
Kabupaten Kediri,Juli 2022,6722.36,68.6,80.19,24.43,16.86,10.59,32404.48
Kabupaten Kediri,Agustus 2022,1769.36,93.2,77.58,24.81,21.17,10.6,8527.89
Kabupaten Kediri,September 2022,824.19,147.6,79.73,25.06,21.45,10.13,4829.49
Kabupaten Kediri,Oktober 2022,154.52,386.7,84.16,24.61,19.28,7.81,905.44
Kabupaten Kediri,November 2022,1069.85,435.8,86.83,24.67,14.72,7.04,6268.99
Kabupaten Kediri,Desember 2022,849.55,397.9,85.19,24.61,16.29,7.65,4978.1
Kabupaten Kediri,Januari 2023,1389.92,364.7,83.26,24.96,17.58,8.8,4613.28
Kabupaten Kediri,Februari 2023,1058.81,699.2,87.5,24.33,16.05,6.43,6863.24
Kabupaten Kediri,Maret 2023,8415.55,432.5,85.65,24.81,13.07,8.88,35940.27
Kabupaten Kediri,April 2023,6283.4,225.4,84.47,25.21,14.58,8.52,43962.98
Kabupaten Kediri,Mei 2023,1597.04,142.3,80.65,24.97,15.91,9.91,10789.87
Kabupaten Kediri,Juni 2023,1714.31,99.3,78.37,25.3,18.83,10.74,5172.9
Kabupaten Kediri,Juli 2023,5278.88,39.7,75.16,24.7,22.96,10.72,23642.82
Kabupaten Kediri,Agustus 2023,2168.18,7.1,72.39,24.78,24.41,10.75,18307.1
Kabupaten Kediri,September 2023,1148.55,10.5,67.93,25.57,26.0,11.02,7389.2
Kabupaten Kediri,Oktober 2023,689.71,24.2,70.74,27.06,22.54,11.3,3892.17
Kabupaten Kediri,November 2023,753.9,134.7,76.07,26.87,20.98,10.62,5754.64
Kabupaten Kediri,Desember 2023,770.08,251.7,78.23,26.14,20.7,9.68,7743.73
Kabupaten Kediri,Januari 2024,789.56,454.0,85.32,25.63,17.0,8.61,8415.53
Kabupaten Kediri,Februari 2024,1174.64,395.6,87.14,25.54,14.06,8.36,6410.77
Kabupaten Kediri,Maret 2024,6157.61,477.0,86.26,25.64,13.7,8.29,50887.0
Kabupaten Kediri,April 2024,7525.11,345.3,87.9,25.73,13.4,8.21,37963.58
Kabupaten Kediri,Mei 2024,2051.03,52.6,82.13,25.77,16.42,10.8,8589.61
Kabupaten Kediri,Juni 2024,982.64,45.1,79.2,25.66,15.58,10.69,9214.37
Kabupaten Kediri,Juli 2024,4494.63,69.8,75.58,24.72,19.55,10.45,28386.24
Kabupaten Kediri,Agustus 2024,3477.6,15.9,71.0,25.15,24.4,10.75,11661.46
Kabupaten Kediri,September 2024,1146.19,99.1,73.07,25.97,21.74,10.72,7517.03
Kabupaten Kediri,Oktober 2024,603.74,52.6,73.97,26.5,22.56,11.22,4514.02
Kabupaten Kediri,November 2024,892.64,386.5,85.97,25.48,15.5,8.54,4934.13
Kabupaten Kediri,Desember 2024,1201.18,632.5,88.45,25.09,16.71,7.14,5040.02
Kabupaten Malang,Januari 2018,2104.0,354.9,87.35,23.65,14.18,5.51,12267.24
Kabupaten Malang,Februari 2018,1988.0,284.6,87.96,23.6,12.99,7.58,11593.92
Kabupaten Malang,Maret 2018,5019.0,180.4,88.13,23.91,12.0,9.7,28946.68
Kabupaten Malang,April 2018,9819.0,68.4,83.37,24.41,13.75,10.68,55664.58
Kabupaten Malang,Mei 2018,5230.0,9.5,77.16,24.5,21.17,10.8,27351.58
Kabupaten Malang,Juni 2018,5234.0,74.7,80.6,23.67,21.66,10.49,27238.83
Kabupaten Malang,Juli 2018,2997.0,1.8,80.81,22.28,23.39,10.74,15560.16
Kabupaten Malang,Agustus 2018,4315.0,6.0,79.16,22.37,23.05,10.27,22119.22
Kabupaten Malang,September 2018,4686.0,12.7,77.5,23.35,21.86,10.71,29991.31
Kabupaten Malang,Oktober 2018,3268.0,18.7,76.32,24.55,21.1,11.07,20920.14
Kabupaten Malang,November 2018,3353.0,242.1,86.47,24.35,16.15,8.91,21286.76
Kabupaten Malang,Desember 2018,2360.0,463.4,89.1,24.01,14.74,6.78,15079.48
Kabupaten Malang,Januari 2019,3389.0,422.5,87.94,24.2,14.19,7.69,20509.11
Kabupaten Malang,Februari 2019,1883.0,245.4,88.18,24.2,10.28,8.47,11416.22
Kabupaten Malang,Maret 2019,3584.0,540.2,88.94,23.94,12.52,7.3,21724.71
Kabupaten Malang,April 2019,8064.0,199.4,88.3,24.32,12.34,9.48,47780.37
Kabupaten Malang,Mei 2019,6432.0,15.6,83.81,23.86,20.49,10.91,36030.88
Kabupaten Malang,Juni 2019,5616.0,7.8,81.17,23.02,21.39,10.63,31549.23
Kabupaten Malang,Juli 2019,3128.0,26.8,81.87,22.34,22.93,10.59,17582.24
Kabupaten Malang,Agustus 2019,3104.0,1.5,77.45,22.59,23.52,10.9,17445.05
Kabupaten Malang,September 2019,4625.0,2.8,75.07,23.54,24.61,10.99,26843.24
Kabupaten Malang,Oktober 2019,2981.0,3.4,71.97,25.08,22.57,11.37,17450.11
Kabupaten Malang,November 2019,3173.0,98.6,79.03,25.32,17.07,10.99,18576.79
Kabupaten Malang,Desember 2019,2419.0,183.5,84.48,25.24,11.93,9.0,14164.31
Kabupaten Malang,Januari 2020,3088.0,236.1,87.45,24.55,13.92,8.97,19687.31
Kabupaten Malang,Februari 2020,2028.0,365.6,88.86,24.48,11.59,8.23,12929.94
Kabupaten Malang,Maret 2020,2556.0,324.8,88.39,24.45,11.63,7.74,16296.26
Kabupaten Malang,April 2020,4235.0,166.8,87.5,24.46,11.02,9.63,26997.73
Kabupaten Malang,Mei 2020,8285.0,196.1,86.1,24.6,14.58,9.2,45943.72
Kabupaten Malang,Juni 2020,6564.0,21.6,85.93,23.42,20.47,10.76,36566.85
Kabupaten Malang,Juli 2020,3349.0,21.8,83.58,22.92,23.48,10.58,18664.26
Kabupaten Malang,Agustus 2020,3744.0,30.8,82.06,23.24,22.21,10.64,20864.05
Kabupaten Malang,September 2020,3620.0,40.0,80.13,24.01,22.75,10.98,22100.15
Kabupaten Malang,Oktober 2020,3776.0,227.8,84.97,24.12,18.93,9.8,23719.8
Kabupaten Malang,November 2020,2836.0,302.4,87.0,24.38,14.66,8.57,17813.11
Kabupaten Malang,Desember 2020,2039.0,466.1,89.19,23.69,12.94,5.87,12806.64
Kabupaten Malang,Januari 2021,2859.0,593.6,89.39,23.69,12.96,5.24,16774.25
Kabupaten Malang,Februari 2021,3314.0,318.2,87.75,23.92,14.37,7.45,19447.32
Kabupaten Malang,Maret 2021,5069.0,333.6,87.74,24.02,11.91,8.44,28799.36
Kabupaten Malang,April 2021,6921.0,146.9,84.53,23.96,13.51,10.15,40596.83
Kabupaten Malang,Mei 2021,4494.0,43.7,83.19,24.52,14.91,10.43,27393.78
Kabupaten Malang,Juni 2021,3983.0,330.4,85.57,24.04,11.94,9.77,24282.68
Kabupaten Malang,Juli 2021,4933.0,10.4,82.58,23.13,20.32,10.5,29843.72
Kabupaten Malang,Agustus 2021,4549.0,57.7,84.35,23.28,22.32,10.78,27731.94
Kabupaten Malang,September 2021,2115.0,154.6,83.73,23.6,21.33,10.27,13416.69
Kabupaten Malang,Oktober 2021,2874.0,109.4,84.29,23.99,18.15,9.85,18229.67
Kabupaten Malang,November 2021,2186.0,408.1,89.7,23.76,11.41,5.77,13864.58
Kabupaten Malang,Desember 2021,2046.0,457.3,89.35,23.99,12.42,7.08,12977.79
Kabupaten Malang,Januari 2022,4233.9,294.0,86.84,23.84,14.87,8.25,26206.97
Kabupaten Malang,Februari 2022,1676.67,244.7,87.32,23.72,13.49,7.47,10378.24
Kabupaten Malang,Maret 2022,5129.08,394.9,88.55,23.94,11.63,7.81,31248.4
Kabupaten Malang,April 2022,7177.74,157.4,87.07,23.96,12.22,9.63,42413.56
Kabupaten Malang,Mei 2022,5386.51,176.8,86.65,24.27,11.91,9.52,30193.41
Kabupaten Malang,Juni 2022,3755.81,94.0,85.63,23.49,15.64,9.77,21052.72
Kabupaten Malang,Juli 2022,3774.41,43.7,83.39,23.25,21.86,10.55,21043.0
Kabupaten Malang,Agustus 2022,3578.29,57.4,82.71,23.4,21.64,10.38,19820.58
Kabupaten Malang,September 2022,2824.87,107.0,84.93,23.67,19.77,10.02,17482.64
Kabupaten Malang,Oktober 2022,3002.99,264.2,88.1,23.42,15.45,7.51,18584.99
Kabupaten Malang,November 2022,2735.08,392.2,89.3,23.63,13.08,6.43,16926.94
Kabupaten Malang,Desember 2022,2626.56,317.5,87.74,23.54,14.2,7.73,16255.33
Kabupaten Malang,Januari 2023,3057.49,266.0,87.26,23.73,15.45,8.4,19480.42
Kabupaten Malang,Februari 2023,1634.2,350.1,88.68,23.52,15.75,5.83,10412.11
Kabupaten Malang,Maret 2023,7396.54,249.0,87.19,23.91,12.38,9.23,44844.59
Kabupaten Malang,April 2023,5818.45,219.7,88.53,23.95,12.26,8.15,36961.54
Kabupaten Malang,Mei 2023,4266.26,39.5,84.58,23.72,16.56,9.85,27504.44
Kabupaten Malang,Juni 2023,3915.65,42.9,85.37,23.63,18.03,10.53,25265.81
Kabupaten Malang,Juli 2023,3687.64,35.8,83.45,22.78,23.45,9.9,23177.8
Kabupaten Malang,Agustus 2023,2376.62,3.4,80.19,22.69,23.41,10.66,15335.19
Kabupaten Malang,September 2023,3374.74,2.4,76.8,23.25,24.16,10.97,21909.05
Kabupaten Malang,Oktober 2023,3422.15,14.8,75.06,25.44,19.85,11.17,22216.84
Kabupaten Malang,November 2023,2796.58,96.0,79.57,25.56,17.72,10.93,18155.59
Kabupaten Malang,Desember 2023,2172.27,164.7,82.84,24.8,15.03,8.76,14102.53
Kabupaten Malang,Januari 2024,2942.41,331.5,88.35,24.45,13.33,8.09,18784.59
Kabupaten Malang,Februari 2024,1574.76,281.2,88.45,24.69,11.17,8.53,10053.4
Kabupaten Malang,Maret 2024,2136.43,258.1,86.32,24.8,14.56,8.58,13639.15
Kabupaten Malang,April 2024,3754.71,242.7,88.47,24.87,13.88,8.85,23956.37
Kabupaten Malang,Mei 2024,6612.66,43.4,85.03,24.53,18.35,10.78,39240.68
Kabupaten Malang,Juni 2024,6777.51,63.7,83.83,24.26,20.24,10.63,40303.9
Kabupaten Malang,Juli 2024,4546.31,12.7,80.74,23.22,23.36,10.46,27318.54
Kabupaten Malang,Agustus 2024,2244.35,7.2,78.35,23.15,24.47,10.89,13516.88
Kabupaten Malang,September 2024,1786.84,38.9,78.53,24.27,21.54,10.77,11616.02
Kabupaten Malang,Oktober 2024,3095.38,57.7,76.9,25.21,20.53,11.09,20183.79
Kabupaten Malang,November 2024,3157.45,361.5,87.33,24.6,12.22,8.32,20588.58
Kabupaten Malang,Desember 2024,2391.15,498.4,90.65,24.06,12.82,6.82,15591.82
Kabupaten Lumajang,Januari 2018,2165.0,256.9,86.23,25.14,9.74,5.29,12003.15
Kabupaten Lumajang,Februari 2018,3191.0,145.5,86.57,25.05,9.5,7.37,17676.5
Kabupaten Lumajang,Maret 2018,7424.0,144.5,84.13,25.79,10.78,9.55,40959.73
Kabupaten Lumajang,April 2018,9179.0,163.0,77.53,26.49,10.28,10.67,50655.28
Kabupaten Lumajang,Mei 2018,4820.0,224.0,78.48,25.65,13.61,10.36,27033.08
Kabupaten Lumajang,Juni 2018,3406.0,352.2,84.7,24.63,13.63,9.85,19094.26
Kabupaten Lumajang,Juli 2018,5733.0,188.5,83.97,23.31,15.98,10.29,32128.64
Kabupaten Lumajang,Agustus 2018,6863.0,136.2,83.42,23.15,16.15,10.21,38502.16
Kabupaten Lumajang,September 2018,2306.0,143.8,80.57,24.18,15.19,10.31,12114.68
Kabupaten Lumajang,Oktober 2018,2210.0,83.1,79.42,25.44,16.11,10.99,11610.27
Kabupaten Lumajang,November 2018,3063.0,476.1,86.57,25.65,13.83,9.25,16089.82
Kabupaten Lumajang,Desember 2018,6257.0,364.4,87.06,25.68,13.04,7.42,32869.25
Kabupaten Lumajang,Januari 2019,3570.0,447.4,86.03,25.69,10.77,7.53,19131.24
Kabupaten Lumajang,Februari 2019,2116.0,224.8,84.68,26.05,9.08,8.48,11339.24
Kabupaten Lumajang,Maret 2019,4310.0,428.4,86.32,25.65,9.84,7.2,23096.22
Kabupaten Lumajang,April 2019,11305.0,226.9,83.67,26.23,10.45,9.23,60579.46
Kabupaten Lumajang,Mei 2019,6102.0,166.5,81.74,25.49,13.83,10.72,32167.38
Kabupaten Lumajang,Juni 2019,2352.0,153.6,84.4,24.08,14.84,10.11,12401.87
Kabupaten Lumajang,Juli 2019,3526.0,235.9,84.68,23.4,16.11,10.51,18567.33
Kabupaten Lumajang,Agustus 2019,7513.0,137.2,84.29,23.23,16.58,10.59,39596.37
Kabupaten Lumajang,September 2019,4213.0,106.5,82.97,23.88,17.09,10.71,22284.34
Kabupaten Lumajang,Oktober 2019,2634.0,68.4,77.35,25.51,16.33,11.29,13936.79
Kabupaten Lumajang,November 2019,2428.0,277.0,80.83,26.13,14.06,10.82,12834.7
Kabupaten Lumajang,Desember 2019,3397.0,250.8,83.03,26.78,9.96,9.45,17959.28
Kabupaten Lumajang,Januari 2020,4592.0,179.2,84.84,26.19,10.53,8.99,24849.94
Kabupaten Lumajang,Februari 2020,1953.0,166.8,85.41,26.19,9.04,7.64,10569.43
Kabupaten Lumajang,Maret 2020,3279.0,305.9,83.71,26.39,9.39,7.67,17740.79
Kabupaten Lumajang,April 2020,8625.0,190.1,81.17,26.54,9.18,9.21,46662.41
Kabupaten Lumajang,Mei 2020,8021.0,345.0,83.87,26.32,10.79,9.43,41602.08
Kabupaten Lumajang,Juni 2020,4028.0,247.6,83.57,25.05,12.86,10.39,20889.57
Kabupaten Lumajang,Juli 2020,3000.0,273.9,84.74,24.21,15.44,10.41,15563.06
Kabupaten Lumajang,Agustus 2020,6388.0,187.5,85.13,24.31,15.37,10.32,33169.17
Kabupaten Lumajang,September 2020,4435.0,298.6,82.77,24.92,15.55,10.68,25433.13
Kabupaten Lumajang,Oktober 2020,3052.0,757.5,87.19,25.29,14.01,9.19,17466.2
Kabupaten Lumajang,November 2020,3478.0,403.5,86.53,25.91,11.09,8.83,19949.68
Kabupaten Lumajang,Desember 2020,2930.0,523.8,88.48,25.15,11.61,6.3,16792.75
Kabupaten Lumajang,Januari 2021,5198.0,407.5,88.39,25.21,10.59,5.66,26504.42
Kabupaten Lumajang,Februari 2021,3671.0,417.2,87.82,25.16,10.76,6.58,18700.53
Kabupaten Lumajang,Maret 2021,3461.0,258.6,84.94,25.64,8.72,7.99,17623.87
Kabupaten Lumajang,April 2021,8508.0,133.4,79.4,25.94,10.45,9.76,43349.94
Kabupaten Lumajang,Mei 2021,6757.0,109.6,81.52,26.14,12.3,10.48,34869.73
Kabupaten Lumajang,Juni 2021,5117.0,198.9,83.5,25.79,10.37,9.8,26434.92
Kabupaten Lumajang,Juli 2021,3867.0,156.2,81.84,24.68,13.83,10.57,19935.8
Kabupaten Lumajang,Agustus 2021,4441.0,326.5,85.19,24.55,15.08,10.46,22916.47
Kabupaten Lumajang,September 2021,4780.0,403.4,85.67,24.81,14.74,10.13,25874.17
Kabupaten Lumajang,Oktober 2021,4263.0,248.9,85.71,25.05,14.58,9.93,23075.44
Kabupaten Lumajang,November 2021,2825.0,407.7,88.2,25.43,10.0,6.94,15297.66
Kabupaten Lumajang,Desember 2021,3784.0,402.5,88.48,25.56,11.47,8.02,20492.57
Kabupaten Lumajang,Januari 2022,4642.66,262.2,84.19,25.42,10.12,7.62,25843.22
Kabupaten Lumajang,Februari 2022,4335.05,224.0,85.0,25.46,11.91,7.69,24130.7
Kabupaten Lumajang,Maret 2022,5992.02,374.9,85.39,25.83,10.56,8.21,33313.22
Kabupaten Lumajang,April 2022,7109.36,194.3,81.67,26.08,10.84,9.83,39020.58
Kabupaten Lumajang,Mei 2022,4972.36,212.1,82.23,26.34,9.72,9.47,26150.05
Kabupaten Lumajang,Juni 2022,5809.17,284.2,81.67,25.34,10.94,9.49,30555.16
Kabupaten Lumajang,Juli 2022,5028.97,168.9,83.0,24.58,14.1,10.29,26449.33
Kabupaten Lumajang,Agustus 2022,3413.09,251.2,84.06,24.59,14.24,9.91,17948.05
Kabupaten Lumajang,September 2022,2675.27,312.8,85.8,24.94,14.34,9.73,15068.96
Kabupaten Lumajang,Oktober 2022,3925.24,409.9,86.94,24.93,12.88,7.57,22117.27
Kabupaten Lumajang,November 2022,3836.92,378.2,87.3,25.24,9.74,6.45,21622.65
Kabupaten Lumajang,Desember 2022,3302.39,270.6,85.52,25.2,11.39,7.99,18609.82
Kabupaten Lumajang,Januari 2023,3055.59,161.9,85.1,25.26,12.17,8.32,17374.42
Kabupaten Lumajang,Februari 2023,4100.43,255.4,86.57,25.01,10.12,5.7,23227.76
Kabupaten Lumajang,Maret 2023,7648.86,156.2,81.52,25.89,10.68,9.2,43359.1
Kabupaten Lumajang,April 2023,6854.62,270.9,85.13,25.71,9.89,8.33,38600.12
Kabupaten Lumajang,Mei 2023,3607.21,212.4,81.52,25.46,12.71,10.0,19698.68
Kabupaten Lumajang,Juni 2023,5704.16,157.3,84.17,25.01,13.4,10.25,31116.16
Kabupaten Lumajang,Juli 2023,5315.63,381.7,84.16,23.87,14.09,9.15,29020.53
Kabupaten Lumajang,Agustus 2023,4693.4,94.7,81.77,23.65,15.3,10.65,25619.62
Kabupaten Lumajang,September 2023,2572.28,121.5,79.4,24.02,16.22,10.8,14662.07
Kabupaten Lumajang,Oktober 2023,2516.0,87.6,77.71,26.15,14.26,11.24,14336.35
Kabupaten Lumajang,November 2023,3912.09,159.6,79.93,26.64,13.95,11.13,22294.89
Kabupaten Lumajang,Desember 2023,5148.52,230.3,81.03,26.41,12.53,9.73,29336.38
Kabupaten Lumajang,Januari 2024,2837.91,303.7,85.23,26.12,10.77,8.53,15245.06
Kabupaten Lumajang,Februari 2024,2220.76,194.7,86.1,26.24,8.2,8.62,11931.89
Kabupaten Lumajang,Maret 2024,3491.89,231.5,84.71,26.31,9.45,8.27,18735.4
Kabupaten Lumajang,April 2024,7309.9,446.7,85.6,26.33,9.39,8.39,39259.49
Kabupaten Lumajang,Mei 2024,6560.67,163.0,84.71,25.78,13.22,10.64,35045.14
Kabupaten Lumajang,Juni 2024,4472.08,157.2,84.3,25.31,13.26,10.34,23910.3
Kabupaten Lumajang,Juli 2024,3434.27,193.0,82.13,24.23,14.82,10.26,18379.41
Kabupaten Lumajang,Agustus 2024,5222.14,135.8,80.39,23.94,15.02,10.75,27981.16
Kabupaten Lumajang,September 2024,4071.2,165.7,79.77,25.07,14.07,10.55,22592.93
Kabupaten Lumajang,Oktober 2024,2339.43,194.0,80.13,25.75,14.76,11.11,12990.92
Kabupaten Lumajang,November 2024,2988.46,445.6,86.27,26.05,9.53,9.25,16588.7
Kabupaten Lumajang,Desember 2024,2605.16,343.0,89.32,25.31,9.69,6.67,14460.25
Kabupaten Jember,Januari 2018,2428.0,431.9,89.29,25.44,10.61,6.17,13853.52
Kabupaten Jember,Februari 2018,5580.0,413.7,89.04,25.48,9.95,8.22,31838.6
Kabupaten Jember,Maret 2018,29010.0,248.1,87.81,25.9,10.43,9.93,165472.05
Kabupaten Jember,April 2018,19558.0,129.8,86.1,26.46,8.18,10.84,111530.26
Kabupaten Jember,Mei 2018,7449.0,76.3,81.32,26.46,10.23,10.65,40754.12
Kabupaten Jember,Juni 2018,7057.0,90.9,82.93,25.75,11.03,10.23,38624.65
Kabupaten Jember,Juli 2018,22332.0,51.0,81.84,24.54,10.45,10.27,122318.78
Kabupaten Jember,Agustus 2018,12246.0,26.3,75.71,25.1,12.95,10.17,67076.15
Kabupaten Jember,September 2018,4624.0,53.3,76.53,26.0,12.09,10.79,23113.48
Kabupaten Jember,Oktober 2018,3873.0,30.9,72.48,27.53,14.21,11.25,19357.78
Kabupaten Jember,November 2018,5796.0,448.7,86.47,26.49,10.62,9.47,28968.2
Kabupaten Jember,Desember 2018,5182.0,307.9,89.55,26.04,11.41,7.51,25901.76
Kabupaten Jember,Januari 2019,5812.0,572.2,89.16,25.97,10.86,7.94,29468.15
Kabupaten Jember,Februari 2019,4156.0,276.9,88.68,26.24,8.91,9.24,21073.97
Kabupaten Jember,Maret 2019,22737.0,608.5,89.94,25.77,9.84,7.9,115230.9
Kabupaten Jember,April 2019,26583.0,218.0,89.33,26.33,8.39,9.57,134786.68
Kabupaten Jember,Mei 2019,6752.0,48.6,84.45,26.18,8.57,10.84,32701.75
Kabupaten Jember,Juni 2019,5533.0,44.1,81.3,25.41,11.74,10.43,26713.72
Kabupaten Jember,Juli 2019,17353.0,38.1,77.13,25.25,11.21,10.43,84094.99
Kabupaten Jember,Agustus 2019,17838.0,12.6,74.1,25.55,12.58,10.5,86490.26
Kabupaten Jember,September 2019,3847.0,23.9,70.87,26.76,12.55,10.9,19733.38
Kabupaten Jember,Oktober 2019,3359.0,41.1,73.23,27.74,14.54,11.42,17230.71
Kabupaten Jember,November 2019,4167.0,117.7,78.93,27.6,12.32,11.11,21370.6
Kabupaten Jember,Desember 2019,5452.0,333.0,85.84,27.2,9.8,9.7,27963.3
Kabupaten Jember,Januari 2020,5811.0,349.0,87.48,26.65,11.15,9.11,29029.62
Kabupaten Jember,Februari 2020,5287.0,486.7,89.62,26.34,10.24,8.55,26409.82
Kabupaten Jember,Maret 2020,7326.0,365.0,89.45,26.33,8.97,8.16,36596.59
Kabupaten Jember,April 2020,39295.0,239.5,87.63,26.54,7.97,10.14,196286.86
Kabupaten Jember,Mei 2020,10269.0,191.0,86.1,26.85,8.75,9.83,47264.43
Kabupaten Jember,Juni 2020,5432.0,36.5,83.27,25.88,8.98,10.67,24994.79
Kabupaten Jember,Juli 2020,8027.0,46.1,80.58,25.45,10.23,10.38,36935.86
Kabupaten Jember,Agustus 2020,21985.0,38.6,79.19,25.93,11.7,10.6,101188.94
Kabupaten Jember,September 2020,6437.0,74.5,78.9,26.68,10.14,10.69,32432.49
Kabupaten Jember,Oktober 2020,3620.0,272.1,85.61,26.45,9.36,10.2,18238.87
Kabupaten Jember,November 2020,4246.0,332.4,88.7,26.37,9.47,9.05,21390.09
Kabupaten Jember,Desember 2020,3869.0,449.0,89.48,25.58,10.44,7.18,19495.01
Kabupaten Jember,Januari 2021,7195.0,615.3,91.23,25.45,10.43,5.87,36210.9
Kabupaten Jember,Februari 2021,3748.0,376.7,89.5,25.49,10.92,7.45,18863.96
Kabupaten Jember,Maret 2021,12915.0,403.2,89.16,25.83,9.47,8.88,64984.91
Kabupaten Jember,April 2021,35283.0,157.1,84.53,26.26,9.01,10.04,177542.27
Kabupaten Jember,Mei 2021,9150.0,57.9,81.16,26.99,9.45,10.71,44381.16
Kabupaten Jember,Juni 2021,6062.0,160.9,85.23,26.25,8.82,10.23,29393.99
Kabupaten Jember,Juli 2021,10534.0,23.1,80.65,25.47,9.76,10.63,51095.72
Kabupaten Jember,Agustus 2021,19955.0,68.8,82.29,25.89,9.96,10.69,96814.82
Kabupaten Jember,September 2021,6424.0,135.8,84.37,25.92,10.15,10.13,32280.15
Kabupaten Jember,Oktober 2021,3667.0,124.9,82.9,26.19,12.65,10.12,18427.65
Kabupaten Jember,November 2021,3703.0,468.1,91.03,25.53,9.63,6.74,18608.02
Kabupaten Jember,Desember 2021,5392.0,472.1,90.0,25.87,10.98,8.13,27094.32
Kabupaten Jember,Januari 2022,6812.32,386.4,87.26,25.73,11.78,8.24,35404.42
Kabupaten Jember,Februari 2022,4286.86,444.4,88.04,25.61,11.09,8.18,22279.31
Kabupaten Jember,Maret 2022,15569.64,432.3,88.71,25.79,10.49,8.39,80842.89
Kabupaten Jember,April 2022,31794.58,219.4,88.37,25.93,9.33,9.52,165118.25
Kabupaten Jember,Mei 2022,9433.63,199.7,87.06,26.34,9.18,9.65,47605.94
Kabupaten Jember,Juni 2022,5545.26,188.3,87.33,25.47,8.68,9.6,27983.74
Kabupaten Jember,Juli 2022,9965.55,62.2,81.55,25.45,10.34,10.83,50290.03
Kabupaten Jember,Agustus 2022,17142.36,90.8,81.68,25.58,11.52,10.45,86506.89
Kabupaten Jember,September 2022,6963.84,158.2,84.67,25.8,10.48,10.49,35457.58
Kabupaten Jember,Oktober 2022,4659.24,418.9,89.23,25.22,10.49,8.35,23723.25
Kabupaten Jember,November 2022,2865.4,394.4,90.6,25.37,9.39,6.96,14589.77
Kabupaten Jember,Desember 2022,3450.57,444.0,88.77,25.41,11.67,8.42,17569.12
Kabupaten Jember,Januari 2023,6906.74,394.2,86.52,25.78,12.78,8.64,34925.84
Kabupaten Jember,Februari 2023,6156.64,642.0,89.32,25.35,12.44,6.38,31132.97
Kabupaten Jember,Maret 2023,18994.89,329.6,87.45,25.85,10.63,9.74,95937.54
Kabupaten Jember,April 2023,27132.88,329.0,88.83,25.9,9.52,8.57,137142.62
Kabupaten Jember,Mei 2023,9209.97,110.4,83.29,25.98,9.02,10.02,47046.27
Kabupaten Jember,Juni 2023,8069.52,46.4,81.2,26.21,10.03,10.59,41220.51
Kabupaten Jember,Juli 2023,10069.11,138.9,84.81,24.68,9.74,9.89,51435.82
Kabupaten Jember,Agustus 2023,16249.77,18.9,78.94,25.35,11.19,10.78,83008.54
Kabupaten Jember,September 2023,5200.75,47.7,78.53,25.76,11.51,10.62,28360.42
Kabupaten Jember,Oktober 2023,5308.94,84.3,80.16,27.26,11.91,11.29,28950.4
Kabupaten Jember,November 2023,3260.54,134.0,82.97,27.3,10.98,10.84,17780.19
Kabupaten Jember,Desember 2023,3628.12,241.3,85.0,26.63,11.12,9.48,19784.65
Kabupaten Jember,Januari 2024,5977.74,358.1,86.74,26.7,12.07,9.15,32137.3
Kabupaten Jember,Februari 2024,7058.58,341.8,89.38,26.57,9.81,9.02,37948.27
Kabupaten Jember,Maret 2024,10608.9,289.8,87.74,26.6,9.89,8.81,57034.31
Kabupaten Jember,April 2024,28316.86,454.6,90.13,26.6,8.5,8.47,152124.69
Kabupaten Jember,Mei 2024,14203.22,55.2,85.35,26.76,8.62,10.75,71085.24
Kabupaten Jember,Juni 2024,8846.91,58.5,83.47,26.26,8.92,10.47,44278.07
Kabupaten Jember,Juli 2024,6924.01,51.5,79.45,25.51,11.35,10.51,34662.48
Kabupaten Jember,Agustus 2024,16919.04,32.1,79.26,25.46,12.22,10.78,84699.05
Kabupaten Jember,September 2024,9189.42,87.5,81.43,26.4,10.64,10.87,47343.97
Kabupaten Jember,Oktober 2024,5378.94,80.8,80.58,27.06,11.9,11.32,27712.36
Kabupaten Jember,November 2024,3502.54,373.7,86.83,26.73,10.18,9.19,18045.13
Kabupaten Jember,Desember 2024,3143.25,630.9,89.13,26.22,11.66,7.12,16194.01
Kabupaten Banyuwangi,Januari 2018,4411.0,267.9,86.32,24.84,10.58,6.34,27729.16
Kabupaten Banyuwangi,Februari 2018,2702.0,227.2,86.0,24.81,9.72,8.56,16986.49
Kabupaten Banyuwangi,Maret 2018,12480.0,105.8,83.9,25.01,7.79,10.15,78457.91
Kabupaten Banyuwangi,April 2018,12586.0,87.5,80.67,25.44,9.74,10.91,79122.96
Kabupaten Banyuwangi,Mei 2018,7371.0,127.7,82.16,24.59,10.81,9.62,46085.58
Kabupaten Banyuwangi,Juni 2018,3082.0,180.7,88.37,23.64,10.49,8.7,19269.02
Kabupaten Banyuwangi,Juli 2018,6215.0,157.7,87.84,22.54,9.58,9.0,38857.35
Kabupaten Banyuwangi,Agustus 2018,8951.0,179.2,88.45,22.29,9.21,8.58,55969.32
Kabupaten Banyuwangi,September 2018,8526.0,64.1,82.1,23.54,9.89,10.67,48805.21
Kabupaten Banyuwangi,Oktober 2018,6530.0,41.8,78.29,25.1,10.65,11.08,37380.94
Kabupaten Banyuwangi,November 2018,5236.0,293.7,87.73,24.98,8.13,8.86,29969.24
Kabupaten Banyuwangi,Desember 2018,6271.0,215.9,85.84,25.31,10.68,8.47,35895.6
Kabupaten Banyuwangi,Januari 2019,7559.0,280.1,86.84,25.04,10.22,8.25,42968.7
Kabupaten Banyuwangi,Februari 2019,3129.0,177.3,86.39,25.25,8.03,9.1,17787.12
Kabupaten Banyuwangi,Maret 2019,7587.0,323.5,88.23,24.8,8.0,8.16,43133.11
Kabupaten Banyuwangi,April 2019,15779.0,194.3,88.07,24.92,8.23,9.5,89701.12
Kabupaten Banyuwangi,Mei 2019,9729.0,200.7,87.48,24.32,9.82,10.29,50908.06
Kabupaten Banyuwangi,Juni 2019,3376.0,126.0,86.97,23.38,10.07,9.21,17665.52
Kabupaten Banyuwangi,Juli 2019,3174.0,129.3,87.0,22.63,10.81,10.14,16608.71
Kabupaten Banyuwangi,Agustus 2019,6774.0,107.5,85.52,22.62,10.97,9.84,35445.64
Kabupaten Banyuwangi,September 2019,8855.0,90.8,84.13,23.2,10.82,9.93,47464.33
Kabupaten Banyuwangi,Oktober 2019,8888.0,46.3,78.29,25.02,10.7,11.32,47640.36
Kabupaten Banyuwangi,November 2019,4063.0,72.8,79.13,25.94,9.4,11.03,21780.55
Kabupaten Banyuwangi,Desember 2019,2640.0,189.4,82.77,26.08,8.51,10.22,14150.64
Kabupaten Banyuwangi,Januari 2020,5179.0,136.2,81.19,26.01,10.66,9.71,28464.04
Kabupaten Banyuwangi,Februari 2020,2264.0,274.6,86.79,25.42,8.03,8.48,12444.66
Kabupaten Banyuwangi,Maret 2020,2093.0,224.0,87.32,25.38,8.45,8.33,11500.74
Kabupaten Banyuwangi,April 2020,11703.0,127.2,83.73,25.52,8.46,9.77,64315.19
Kabupaten Banyuwangi,Mei 2020,16607.0,214.3,86.77,25.26,9.51,9.19,90760.31
Kabupaten Banyuwangi,Juni 2020,7428.0,259.5,89.0,24.0,9.65,9.49,40597.42
Kabupaten Banyuwangi,Juli 2020,2788.0,195.8,87.77,23.33,11.01,9.8,15234.87
Kabupaten Banyuwangi,Agustus 2020,4466.0,137.3,87.84,23.48,10.32,9.7,24406.35
Kabupaten Banyuwangi,September 2020,9592.0,185.6,86.23,24.05,9.44,10.47,55818.6
Kabupaten Banyuwangi,Oktober 2020,12185.0,272.2,89.68,24.46,9.71,9.64,70908.93
Kabupaten Banyuwangi,November 2020,6963.0,184.5,88.2,25.11,8.92,9.5,40522.49
Kabupaten Banyuwangi,Desember 2020,2725.0,373.4,88.32,24.7,9.77,7.77,15859.03
Kabupaten Banyuwangi,Januari 2021,5593.0,388.0,88.58,24.79,10.17,7.33,33016.86
Kabupaten Banyuwangi,Februari 2021,5228.0,259.9,89.04,24.62,9.83,7.74,30863.99
Kabupaten Banyuwangi,Maret 2021,11112.0,279.1,86.48,24.81,8.2,8.71,65597.35
Kabupaten Banyuwangi,April 2021,14845.0,107.3,81.73,24.99,8.45,9.88,87637.38
Kabupaten Banyuwangi,Mei 2021,5709.0,121.0,84.0,25.1,9.4,10.21,31410.39
Kabupaten Banyuwangi,Juni 2021,4838.0,84.8,85.73,24.75,9.18,10.06,26618.5
Kabupaten Banyuwangi,Juli 2021,6907.0,95.8,83.32,23.8,10.15,10.25,38005.03
Kabupaten Banyuwangi,Agustus 2021,8034.0,256.4,89.65,23.65,10.0,9.37,44205.66
Kabupaten Banyuwangi,September 2021,6071.0,222.2,88.0,23.93,10.14,9.51,35292.57
Kabupaten Banyuwangi,Oktober 2021,8492.0,105.0,85.03,24.57,9.07,9.61,49365.41
Kabupaten Banyuwangi,November 2021,5408.0,294.3,89.37,24.49,8.17,7.42,31435.71
Kabupaten Banyuwangi,Desember 2021,6888.0,261.8,85.74,25.42,10.05,9.01,40041.22
Kabupaten Banyuwangi,Januari 2022,5333.88,252.0,84.19,25.03,11.1,7.97,32500.03
Kabupaten Banyuwangi,Februari 2022,2397.42,267.7,86.07,24.87,9.92,8.81,14607.79
Kabupaten Banyuwangi,Maret 2022,9762.19,286.8,87.13,24.93,8.94,8.89,59482.3
Kabupaten Banyuwangi,April 2022,13809.52,118.2,83.77,24.9,8.98,10.17,84143.21
Kabupaten Banyuwangi,Mei 2022,6737.4,95.0,82.68,25.38,10.06,9.98,40645.75
Kabupaten Banyuwangi,Juni 2022,4200.37,175.3,84.77,24.36,9.58,9.78,25340.22
Kabupaten Banyuwangi,Juli 2022,4448.32,196.4,85.87,23.58,10.2,9.5,26836.06
Kabupaten Banyuwangi,Agustus 2022,4169.9,148.1,86.16,23.73,10.04,9.86,25156.4
Kabupaten Banyuwangi,September 2022,6282.53,131.2,86.37,24.2,9.28,9.95,37248.67
Kabupaten Banyuwangi,Oktober 2022,10597.19,255.1,87.9,24.14,8.43,7.6,62829.99
Kabupaten Banyuwangi,November 2022,4959.13,269.9,89.37,24.35,7.77,6.93,29402.33
Kabupaten Banyuwangi,Desember 2022,4050.18,242.6,84.32,24.74,10.57,8.92,24013.23
Kabupaten Banyuwangi,Januari 2023,4052.55,206.0,81.84,25.27,12.59,8.96,24888.43
Kabupaten Banyuwangi,Februari 2023,3621.96,373.5,87.36,24.79,11.9,6.65,22243.99
Kabupaten Banyuwangi,Maret 2023,9023.55,222.1,83.19,25.04,9.08,10.09,55417.45
Kabupaten Banyuwangi,April 2023,12483.67,270.5,86.27,24.92,9.02,8.52,76667.52
Kabupaten Banyuwangi,Mei 2023,6765.06,116.7,83.94,24.48,9.98,9.78,39582.87
Kabupaten Banyuwangi,Juni 2023,3838.93,97.9,84.6,24.24,8.49,9.7,22461.86
Kabupaten Banyuwangi,Juli 2023,4653.39,265.3,87.55,22.99,9.58,8.52,27227.33
Kabupaten Banyuwangi,Agustus 2023,4686.78,103.6,83.55,22.91,10.15,10.15,27422.7
Kabupaten Banyuwangi,September 2023,6505.57,98.9,82.0,23.39,9.85,10.3,39845.29
Kabupaten Banyuwangi,Oktober 2023,9755.91,33.0,77.48,25.42,11.2,11.22,59752.95
Kabupaten Banyuwangi,November 2023,4933.24,97.2,80.2,25.91,9.3,10.71,30215.09
Kabupaten Banyuwangi,Desember 2023,4741.87,134.0,80.94,25.78,8.83,9.98,29042.98
Kabupaten Banyuwangi,Januari 2024,3431.66,164.0,81.06,26.15,11.06,9.12,19910.58
Kabupaten Banyuwangi,Februari 2024,2221.26,210.0,86.28,25.51,8.15,8.65,12887.81
Kabupaten Banyuwangi,Maret 2024,3874.61,270.3,85.0,25.71,7.63,8.32,22480.59
Kabupaten Banyuwangi,April 2024,12780.49,232.4,88.13,25.43,8.15,8.22,74152.75
Kabupaten Banyuwangi,Mei 2024,10069.29,121.0,87.23,25.05,9.19,9.85,57253.35
Kabupaten Banyuwangi,Juni 2024,3908.26,152.0,86.97,24.36,8.93,8.76,22222.12
Kabupaten Banyuwangi,Juli 2024,1650.9,169.2,86.42,23.3,9.85,9.38,9386.91
Kabupaten Banyuwangi,Agustus 2024,4141.9,107.8,83.19,23.36,9.07,10.19,23550.58
Kabupaten Banyuwangi,September 2024,10063.97,103.1,83.1,24.27,9.18,10.43,61509.14
Kabupaten Banyuwangi,Oktober 2024,8722.35,93.0,81.23,25.15,9.62,11.07,53309.41
Kabupaten Banyuwangi,November 2024,4118.18,139.5,81.63,25.89,9.3,10.62,25169.54
Kabupaten Banyuwangi,Desember 2024,2257.69,339.4,83.35,25.85,12.6,7.45,13798.6
Kabupaten Bondowoso,Januari 2018,1582.0,459.6,86.9,23.2,14.73,6.49,8154.93
Kabupaten Bondowoso,Februari 2018,2912.0,408.1,86.61,23.18,12.57,8.35,15008.83
Kabupaten Bondowoso,Maret 2018,8004.0,334.7,86.52,23.23,9.58,9.72,40514.92
Kabupaten Bondowoso,April 2018,7765.0,107.1,80.6,23.66,10.68,10.79,39903.57
Kabupaten Bondowoso,Mei 2018,6019.0,11.4,68.65,24.42,13.28,10.83,29549.95
Kabupaten Bondowoso,Juni 2018,3913.0,24.4,73.87,23.73,12.54,10.36,19214.13
Kabupaten Bondowoso,Juli 2018,5675.0,24.7,69.03,23.19,13.09,10.84,27867.64
Kabupaten Bondowoso,Agustus 2018,3923.0,7.8,66.61,23.29,14.47,10.98,19266.87
Kabupaten Bondowoso,September 2018,2040.0,6.8,56.43,24.6,15.93,11.19,11080.07
Kabupaten Bondowoso,Oktober 2018,1872.0,10.7,57.87,25.65,16.17,11.55,10170.13
Kabupaten Bondowoso,November 2018,3311.0,200.1,76.67,24.57,11.29,10.67,17985.68
Kabupaten Bondowoso,Desember 2018,2783.0,260.6,85.19,23.91,12.59,8.81,15118.56
Kabupaten Bondowoso,Januari 2019,4072.0,779.1,89.0,23.32,13.2,7.59,19154.67
Kabupaten Bondowoso,Februari 2019,3410.0,293.1,87.61,23.44,10.85,9.33,16305.45
Kabupaten Bondowoso,Maret 2019,6423.0,499.0,87.74,23.34,11.5,8.5,30329.06
Kabupaten Bondowoso,April 2019,8008.0,262.3,86.67,23.68,10.47,9.63,38176.7
Kabupaten Bondowoso,Mei 2019,5561.0,37.4,76.1,24.18,10.44,10.71,24377.45
Kabupaten Bondowoso,Juni 2019,6342.0,10.9,69.43,23.85,11.7,10.73,27795.15
Kabupaten Bondowoso,Juli 2019,5370.0,10.6,65.29,23.56,13.62,10.95,23535.66
Kabupaten Bondowoso,Agustus 2019,3760.0,6.3,64.58,23.69,16.45,10.92,16481.16
Kabupaten Bondowoso,September 2019,2739.0,3.9,59.27,24.63,16.05,11.28,14389.28
Kabupaten Bondowoso,Oktober 2019,1986.0,12.3,53.23,26.02,17.33,11.59,10430.65
Kabupaten Bondowoso,November 2019,3589.0,134.1,67.63,25.23,12.12,11.44,18853.52
Kabupaten Bondowoso,Desember 2019,2197.0,439.7,83.29,24.38,9.56,10.01,11543.19
Kabupaten Bondowoso,Januari 2020,3490.0,269.6,84.71,24.16,13.72,9.46,18181.82
Kabupaten Bondowoso,Februari 2020,4501.0,637.0,90.69,23.53,10.35,8.45,23444.7
Kabupaten Bondowoso,Maret 2020,1995.0,475.3,89.26,23.54,11.3,8.65,10395.02
Kabupaten Bondowoso,April 2020,11426.0,213.0,87.4,23.52,9.93,9.69,59121.56
Kabupaten Bondowoso,Mei 2020,6369.0,67.7,81.55,24.32,11.08,10.14,27602.76
Kabupaten Bondowoso,Juni 2020,6064.0,22.2,75.73,23.75,11.43,10.78,26303.89
Kabupaten Bondowoso,Juli 2020,6298.0,26.9,71.16,23.67,13.06,10.89,27318.26
Kabupaten Bondowoso,Agustus 2020,3572.0,11.3,63.45,24.55,14.54,10.84,15490.44
Kabupaten Bondowoso,September 2020,2059.0,35.6,63.17,25.09,14.91,11.28,10428.88
Kabupaten Bondowoso,Oktober 2020,2722.0,110.2,69.9,24.93,13.93,10.76,13787.52
Kabupaten Bondowoso,November 2020,3177.0,296.2,77.8,24.43,12.46,9.59,16091.82
Kabupaten Bondowoso,Desember 2020,2537.0,495.7,86.23,23.44,12.63,7.43,12851.81
Kabupaten Bondowoso,Januari 2021,2796.0,425.1,88.16,23.22,13.15,6.23,14739.3
Kabupaten Bondowoso,Februari 2021,2706.0,579.5,88.32,23.13,14.34,8.01,14274.66
Kabupaten Bondowoso,Maret 2021,7211.0,371.0,86.42,23.23,10.41,9.11,37559.38
Kabupaten Bondowoso,April 2021,8211.0,166.9,82.07,23.36,10.49,9.92,43022.78
Kabupaten Bondowoso,Mei 2021,5894.0,34.5,75.0,24.36,11.59,10.78,28852.4
Kabupaten Bondowoso,Juni 2021,4770.0,57.6,78.6,23.75,12.1,10.61,23350.76
Kabupaten Bondowoso,Juli 2021,6521.0,6.2,65.61,23.89,13.23,10.6,31927.95
Kabupaten Bondowoso,Agustus 2021,3126.0,23.8,72.06,23.92,13.48,10.93,15306.49
Kabupaten Bondowoso,September 2021,2139.0,88.0,71.6,24.29,13.51,10.88,10285.11
Kabupaten Bondowoso,Oktober 2021,2774.0,66.9,72.1,24.75,11.63,11.31,13332.86
Kabupaten Bondowoso,November 2021,2640.0,586.6,87.77,23.37,9.9,7.76,12687.96
Kabupaten Bondowoso,Desember 2021,2832.0,313.9,84.94,23.93,12.42,8.79,13611.81
Kabupaten Bondowoso,Januari 2022,2918.1,363.2,84.1,23.47,12.77,8.17,14393.68
Kabupaten Bondowoso,Februari 2022,2747.05,301.7,86.11,23.21,11.82,8.05,13967.88
Kabupaten Bondowoso,Maret 2022,7609.32,300.5,87.45,23.49,10.13,9.07,37513.22
Kabupaten Bondowoso,April 2022,7221.56,319.2,84.33,23.32,10.41,10.01,36719.36
Kabupaten Bondowoso,Mei 2022,6446.7,179.2,84.03,23.76,11.02,9.68,31670.35
Kabupaten Bondowoso,Juni 2022,4419.64,121.0,81.83,23.19,10.87,10.22,21768.59
Kabupaten Bondowoso,Juli 2022,4705.88,38.9,75.06,23.29,11.14,10.88,23118.32
Kabupaten Bondowoso,Agustus 2022,2749.35,46.1,72.06,23.85,12.55,10.89,13506.58
Kabupaten Bondowoso,September 2022,2200.96,85.0,69.53,24.4,12.75,10.98,10697.93
Kabupaten Bondowoso,Oktober 2022,2830.66,276.2,82.1,23.58,11.03,9.59,13976.62
Kabupaten Bondowoso,November 2022,1995.21,273.6,85.2,23.49,10.16,8.16,9697.87
Kabupaten Bondowoso,Desember 2022,2396.27,394.4,83.19,23.39,13.03,8.55,11647.25
Kabupaten Bondowoso,Januari 2023,2536.2,262.0,80.94,23.79,16.34,8.79,12534.31
Kabupaten Bondowoso,Februari 2023,3679.39,516.4,86.21,23.29,16.45,7.14,18119.04
Kabupaten Bondowoso,Maret 2023,7134.86,351.3,84.74,23.32,10.98,9.74,34054.33
Kabupaten Bondowoso,April 2023,7464.76,218.1,84.63,23.68,11.09,8.98,36892.04
Kabupaten Bondowoso,Mei 2023,5731.27,58.0,75.52,23.79,12.12,10.51,28360.25
Kabupaten Bondowoso,Juni 2023,5223.04,13.5,72.7,24.2,11.19,10.75,25845.35
Kabupaten Bondowoso,Juli 2023,4679.1,50.0,73.94,23.67,12.14,10.57,23189.07
Kabupaten Bondowoso,Agustus 2023,2879.6,2.1,65.45,24.28,13.42,10.93,14249.23
Kabupaten Bondowoso,September 2023,2323.33,4.1,61.43,25.0,15.84,11.24,11439.47
Kabupaten Bondowoso,Oktober 2023,3133.24,14.5,55.65,26.62,18.02,11.58,15427.25
Kabupaten Bondowoso,November 2023,3204.35,99.7,69.27,26.16,11.77,11.34,15970.39
Kabupaten Bondowoso,Desember 2023,2375.84,146.1,78.55,25.11,10.76,10.32,11698.01
Kabupaten Bondowoso,Januari 2024,2471.54,298.3,81.81,24.85,13.19,9.17,13288.81
Kabupaten Bondowoso,Februari 2024,3972.11,373.3,87.45,24.33,9.79,9.53,21356.98
Kabupaten Bondowoso,Maret 2024,6756.95,507.1,88.23,24.33,9.61,8.5,35639.77
Kabupaten Bondowoso,April 2024,7005.38,196.1,85.93,24.69,9.96,9.43,37076.51
Kabupaten Bondowoso,Mei 2024,6435.97,15.5,73.48,25.38,11.15,10.83,32077.29
Kabupaten Bondowoso,Juni 2024,6549.46,50.2,72.53,24.74,11.02,10.73,32642.94
Kabupaten Bondowoso,Juli 2024,4663.58,13.3,68.35,24.1,11.98,10.6,23243.59
Kabupaten Bondowoso,Agustus 2024,3370.32,12.9,65.0,24.58,13.17,10.98,16754.43
Kabupaten Bondowoso,September 2024,2142.53,41.4,65.3,25.28,14.47,11.23,10761.27
Kabupaten Bondowoso,Oktober 2024,2587.2,48.6,62.55,26.28,15.5,11.54,13128.05
Kabupaten Bondowoso,November 2024,2413.39,330.4,81.33,24.89,12.87,10.29,12246.11
Kabupaten Bondowoso,Desember 2024,2241.19,419.9,85.39,24.44,15.51,7.44,11261.93
Kabupaten Situbondo,Januari 2018,817.0,444.6,86.94,26.05,15.34,7.37,4550.95
Kabupaten Situbondo,Februari 2018,2522.0,427.9,86.96,25.98,13.89,9.64,14030.42
Kabupaten Situbondo,Maret 2018,7704.0,293.0,85.77,26.42,10.66,10.4,42350.73
Kabupaten Situbondo,April 2018,5066.0,65.1,77.1,27.4,13.71,10.95,27406.32
Kabupaten Situbondo,Mei 2018,1774.0,11.8,65.97,27.93,18.57,10.87,10061.44
Kabupaten Situbondo,Juni 2018,2061.0,18.0,67.8,27.52,17.75,10.59,11726.58
Kabupaten Situbondo,Juli 2018,5136.0,5.6,62.06,27.09,18.61,10.87,29274.44
Kabupaten Situbondo,Agustus 2018,1408.0,2.7,60.81,26.97,21.11,10.98,8031.97
Kabupaten Situbondo,September 2018,1169.0,5.3,58.1,27.87,21.99,11.2,6401.55
Kabupaten Situbondo,Oktober 2018,940.0,0.7,58.55,28.76,20.33,11.58,5149.73
Kabupaten Situbondo,November 2018,1647.0,142.1,70.93,28.54,15.98,11.18,9018.15
Kabupaten Situbondo,Desember 2018,1379.0,222.5,81.35,27.21,13.49,9.64,7552.89
Kabupaten Situbondo,Januari 2019,1110.0,774.9,88.19,26.32,15.06,8.47,6477.13
Kabupaten Situbondo,Februari 2019,3100.0,168.8,86.32,26.65,11.65,10.28,17990.17
Kabupaten Situbondo,Maret 2019,5705.0,385.2,87.1,26.4,12.69,9.27,33206.15
Kabupaten Situbondo,April 2019,6170.0,223.5,84.6,26.87,12.37,10.31,35507.12
Kabupaten Situbondo,Mei 2019,1949.0,32.1,72.19,27.57,14.76,10.86,10234.93
Kabupaten Situbondo,Juni 2019,2107.0,3.9,66.07,27.16,19.15,10.76,11117.08
Kabupaten Situbondo,Juli 2019,3534.0,7.7,63.13,26.79,21.56,10.93,18589.22
Kabupaten Situbondo,Agustus 2019,1967.0,3.8,61.9,26.86,20.96,10.97,10336.66
Kabupaten Situbondo,September 2019,1090.0,1.1,61.07,27.3,23.75,11.23,5755.65
Kabupaten Situbondo,Oktober 2019,1171.0,0.9,58.84,28.62,21.11,11.58,6187.31
Kabupaten Situbondo,November 2019,1193.0,19.0,63.4,29.26,17.0,11.68,6300.91
Kabupaten Situbondo,Desember 2019,1130.0,199.0,79.16,28.24,13.32,10.94,5963.21
Kabupaten Situbondo,Januari 2020,1256.0,457.3,85.29,27.05,13.78,9.63,6544.22
Kabupaten Situbondo,Februari 2020,2608.0,406.3,89.03,26.68,13.34,9.63,13569.28
Kabupaten Situbondo,Maret 2020,4820.0,278.0,87.55,26.85,12.29,9.92,25051.37
Kabupaten Situbondo,April 2020,7042.0,220.3,85.13,27.03,11.8,9.96,36436.02
Kabupaten Situbondo,Mei 2020,2867.0,186.3,80.26,27.47,15.23,10.26,14641.32
Kabupaten Situbondo,Juni 2020,1862.0,14.3,71.3,27.25,15.85,10.82,9516.72
Kabupaten Situbondo,Juli 2020,2646.0,14.9,64.65,27.35,18.39,10.98,13523.17
Kabupaten Situbondo,Agustus 2020,2501.0,4.7,62.65,27.76,20.84,10.84,12772.49
Kabupaten Situbondo,September 2020,1577.0,3.1,60.33,28.63,21.58,11.22,8920.61
Kabupaten Situbondo,Oktober 2020,1037.0,59.2,66.42,28.51,18.92,10.75,5872.93
Kabupaten Situbondo,November 2020,1500.0,132.9,74.97,28.07,15.42,9.97,8492.46
Kabupaten Situbondo,Desember 2020,812.0,507.6,86.55,26.3,14.34,8.38,4587.6
Kabupaten Situbondo,Januari 2021,1754.0,429.0,88.19,26.02,13.68,7.41,8907.76
Kabupaten Situbondo,Februari 2021,2426.0,409.7,87.82,26.03,16.4,9.07,12337.07
Kabupaten Situbondo,Maret 2021,5998.0,310.4,86.39,26.35,11.6,10.36,30484.29
Kabupaten Situbondo,April 2021,5979.0,166.6,79.33,26.77,13.22,9.98,30377.93
Kabupaten Situbondo,Mei 2021,2067.0,38.6,74.03,27.57,16.92,10.87,10057.92
Kabupaten Situbondo,Juni 2021,2005.0,78.0,78.27,27.03,16.79,10.74,9750.98
Kabupaten Situbondo,Juli 2021,2855.0,12.3,65.29,27.05,17.45,10.66,13889.32
Kabupaten Situbondo,Agustus 2021,3140.0,13.1,64.29,27.85,20.01,11.0,15273.82
Kabupaten Situbondo,September 2021,1053.0,23.0,64.1,28.25,19.4,10.85,5089.28
Kabupaten Situbondo,Oktober 2021,795.0,62.1,65.68,28.5,17.61,11.4,3829.92
Kabupaten Situbondo,November 2021,674.0,365.5,84.8,26.63,11.65,8.58,3246.47
Kabupaten Situbondo,Desember 2021,1643.0,292.3,84.9,26.72,12.71,9.05,7912.36
Kabupaten Situbondo,Januari 2022,1158.05,309.4,85.58,26.17,15.15,9.15,6141.38
Kabupaten Situbondo,Februari 2022,2192.81,287.5,86.21,26.06,14.71,9.06,11665.28
Kabupaten Situbondo,Maret 2022,6643.09,318.0,87.16,26.43,12.47,10.04,35238.65
Kabupaten Situbondo,April 2022,4973.39,150.6,81.03,26.77,12.73,10.24,26438.18
Kabupaten Situbondo,Mei 2022,1502.94,176.7,82.1,26.96,13.45,9.79,7540.35
Kabupaten Situbondo,Juni 2022,1386.65,101.8,77.33,26.73,13.97,10.44,6956.29
Kabupaten Situbondo,Juli 2022,3103.44,45.4,70.39,26.79,17.5,10.95,15569.44
Kabupaten Situbondo,Agustus 2022,2121.37,32.7,66.84,27.38,20.31,10.97,10642.09
Kabupaten Situbondo,September 2022,608.57,31.6,65.07,28.17,19.35,11.01,3519.25
Kabupaten Situbondo,Oktober 2022,1139.2,227.4,77.29,27.03,14.89,10.28,6597.2
Kabupaten Situbondo,November 2022,1046.26,258.3,84.43,26.56,12.03,8.92,6058.98
Kabupaten Situbondo,Desember 2022,908.45,265.2,80.84,26.54,14.71,9.14,5260.91
Kabupaten Situbondo,Januari 2023,1044.93,287.4,83.06,26.28,13.99,9.62,5865.85
Kabupaten Situbondo,Februari 2023,3203.41,343.1,86.46,25.99,17.67,8.53,18113.03
Kabupaten Situbondo,Maret 2023,6640.17,277.5,84.48,26.3,12.0,10.5,37524.24
Kabupaten Situbondo,April 2023,3326.3,215.9,83.37,26.77,12.28,9.92,18807.88
Kabupaten Situbondo,Mei 2023,1448.08,39.5,72.26,27.23,16.26,10.56,8077.69
Kabupaten Situbondo,Juni 2023,2561.7,14.4,68.7,27.52,16.97,10.88,14309.73
Kabupaten Situbondo,Juli 2023,3038.31,26.2,67.61,26.81,15.64,10.65,16914.05
Kabupaten Situbondo,Agustus 2023,1980.64,0.0,65.39,26.69,21.66,11.0,11002.62
Kabupaten Situbondo,September 2023,1130.29,4.2,61.2,27.42,20.84,11.23,6449.08
Kabupaten Situbondo,Oktober 2023,1134.24,2.8,64.48,28.56,19.67,11.59,6479.55
Kabupaten Situbondo,November 2023,1008.59,86.6,69.0,29.01,16.84,11.5,5744.88
Kabupaten Situbondo,Desember 2023,1400.66,182.7,75.42,28.1,13.14,10.85,7984.65
Kabupaten Situbondo,Januari 2024,1404.05,240.6,82.26,27.34,13.63,9.47,8081.76
Kabupaten Situbondo,Februari 2024,2945.29,335.6,85.86,27.06,11.57,9.98,16968.77
Kabupaten Situbondo,Maret 2024,5177.42,281.8,85.87,26.97,13.73,9.12,29671.88
Kabupaten Situbondo,April 2024,5090.52,204.5,83.53,27.48,11.7,10.3,29128.21
Kabupaten Situbondo,Mei 2024,2862.35,15.5,71.71,28.1,16.55,10.85,14342.59
Kabupaten Situbondo,Juni 2024,1796.27,32.3,71.0,27.52,17.11,10.7,8999.3
Kabupaten Situbondo,Juli 2024,3298.95,16.1,66.45,26.89,17.03,10.77,16454.39
Kabupaten Situbondo,Agustus 2024,2508.35,2.3,62.0,27.43,17.9,11.0,12568.31
Kabupaten Situbondo,September 2024,1378.38,10.5,62.87,28.42,19.0,11.19,7389.73
Kabupaten Situbondo,Oktober 2024,1096.17,27.2,60.35,29.38,19.56,11.55,5877.32
Kabupaten Situbondo,November 2024,1429.64,173.4,75.37,28.37,15.28,11.06,7673.07
Kabupaten Situbondo,Desember 2024,947.68,469.0,84.97,26.75,12.51,8.07,5081.49
Kabupaten Probolinggo,Januari 2018,1356.0,511.3,86.06,25.75,11.67,6.4,5840.67
Kabupaten Probolinggo,Februari 2018,1443.0,534.1,86.29,25.63,11.52,8.3,6214.52
Kabupaten Probolinggo,Maret 2018,8881.0,254.7,83.77,26.16,15.84,10.34,37846.22
Kabupaten Probolinggo,April 2018,10037.0,86.5,81.43,26.6,16.11,10.81,43059.06
Kabupaten Probolinggo,Mei 2018,3450.0,8.4,73.45,27.06,23.47,10.79,17060.06
Kabupaten Probolinggo,Juni 2018,3448.0,15.5,74.37,26.44,25.4,10.63,17050.02
Kabupaten Probolinggo,Juli 2018,3065.0,3.8,73.48,25.32,31.56,10.75,15158.6
Kabupaten Probolinggo,Agustus 2018,2362.0,1.9,71.84,25.37,30.89,10.92,11666.79
Kabupaten Probolinggo,September 2018,1072.0,8.0,69.83,26.45,29.58,11.06,5562.79
Kabupaten Probolinggo,Oktober 2018,785.0,9.0,68.48,27.59,30.17,11.45,4070.21
Kabupaten Probolinggo,November 2018,1295.0,149.1,76.3,27.41,25.57,10.88,6717.08
Kabupaten Probolinggo,Desember 2018,1220.0,474.5,82.03,26.61,20.83,8.49,6329.6
Kabupaten Probolinggo,Januari 2019,1167.0,649.2,86.77,26.03,13.55,7.91,5766.51
Kabupaten Probolinggo,Februari 2019,2733.0,299.0,85.46,26.16,12.58,9.92,13003.79
Kabupaten Probolinggo,Maret 2019,5754.0,422.8,85.29,26.11,13.77,8.4,27662.79
Kabupaten Probolinggo,April 2019,10919.0,167.1,84.4,26.56,15.27,10.29,53481.5
Kabupaten Probolinggo,Mei 2019,5443.0,33.2,78.58,26.58,24.45,10.86,25464.75
Kabupaten Probolinggo,Juni 2019,3216.0,14.6,74.2,25.92,28.48,10.84,15048.7
Kabupaten Probolinggo,Juli 2019,3362.0,29.0,73.32,25.44,28.75,10.87,15738.2
Kabupaten Probolinggo,Agustus 2019,2281.0,8.9,70.61,25.6,29.94,10.98,10678.17
Kabupaten Probolinggo,September 2019,1303.0,6.9,68.83,26.35,29.11,11.05,7648.69
Kabupaten Probolinggo,Oktober 2019,1084.0,11.8,66.81,27.91,30.31,11.47,6361.25
Kabupaten Probolinggo,November 2019,1028.0,37.1,70.87,28.25,27.5,11.48,6032.75
Kabupaten Probolinggo,Desember 2019,1174.0,227.3,79.45,27.61,16.42,10.31,6887.4
Kabupaten Probolinggo,Januari 2020,1023.0,616.5,84.77,26.73,13.57,9.25,5347.87
Kabupaten Probolinggo,Februari 2020,1306.0,615.4,88.55,26.17,10.66,8.79,6829.49
Kabupaten Probolinggo,Maret 2020,2696.0,444.5,87.0,26.3,11.4,8.77,14058.96
Kabupaten Probolinggo,April 2020,11960.0,136.8,85.13,26.55,11.7,9.94,62418.31
Kabupaten Probolinggo,Mei 2020,7956.0,111.1,81.32,27.0,18.44,10.03,40301.9
Kabupaten Probolinggo,Juni 2020,2852.0,19.1,76.97,26.44,24.61,10.78,14433.52
Kabupaten Probolinggo,Juli 2020,2048.0,26.9,75.23,25.86,28.19,10.88,10376.46
Kabupaten Probolinggo,Agustus 2020,2619.0,14.9,73.16,26.25,27.9,10.62,13267.73
Kabupaten Probolinggo,September 2020,1848.0,35.7,72.93,26.93,29.73,10.97,10576.46
Kabupaten Probolinggo,Oktober 2020,905.0,138.2,78.0,26.76,26.48,10.29,5183.04
Kabupaten Probolinggo,November 2020,1205.0,133.8,78.9,27.12,21.25,9.9,6895.68
Kabupaten Probolinggo,Desember 2020,508.0,702.3,84.65,25.97,16.41,6.78,2910.64
Kabupaten Probolinggo,Januari 2021,1592.0,497.5,86.23,25.76,14.03,6.35,8283.92
Kabupaten Probolinggo,Februari 2021,1301.0,751.2,87.5,25.64,14.44,7.75,6768.22
Kabupaten Probolinggo,Maret 2021,6851.0,462.5,86.32,25.9,11.8,9.37,35428.08
Kabupaten Probolinggo,April 2021,11352.0,137.8,80.13,26.4,16.51,9.9,58849.01
Kabupaten Probolinggo,Mei 2021,4349.0,35.8,77.03,27.15,19.28,10.79,21612.15
Kabupaten Probolinggo,Juni 2021,2696.0,35.1,77.27,26.83,15.63,10.51,13397.62
Kabupaten Probolinggo,Juli 2021,1859.0,4.6,72.06,26.46,26.77,10.53,9235.7
Kabupaten Probolinggo,Agustus 2021,2574.0,42.1,75.71,26.25,28.46,11.0,12791.82
Kabupaten Probolinggo,September 2021,1382.0,49.6,74.77,26.61,28.62,10.76,7362.64
Kabupaten Probolinggo,Oktober 2021,655.0,36.5,72.1,27.38,29.88,11.31,3487.65
Kabupaten Probolinggo,November 2021,1112.0,226.3,80.8,26.6,18.14,8.21,5926.23
Kabupaten Probolinggo,Desember 2021,1321.0,502.3,82.68,26.55,16.92,9.07,7037.1
Kabupaten Probolinggo,Januari 2022,1308.08,574.9,84.94,25.79,13.09,8.11,7271.86
Kabupaten Probolinggo,Februari 2022,1245.11,451.7,86.71,25.42,13.66,8.41,6921.8
Kabupaten Probolinggo,Maret 2022,6431.87,435.1,84.77,26.06,14.72,9.16,35499.13
Kabupaten Probolinggo,April 2022,9067.0,114.2,82.03,26.32,16.83,9.94,50329.0
Kabupaten Probolinggo,Mei 2022,4734.75,110.8,80.29,26.77,14.93,9.81,25241.97
Kabupaten Probolinggo,Juni 2022,2467.06,47.9,76.83,26.4,20.93,10.45,13152.43
Kabupaten Probolinggo,Juli 2022,1757.42,34.4,74.13,26.15,24.4,10.85,9369.18
Kabupaten Probolinggo,Agustus 2022,2122.09,71.3,74.77,26.21,26.75,10.79,11313.32
Kabupaten Probolinggo,September 2022,1713.35,31.0,72.97,26.96,27.58,10.78,10317.5
Kabupaten Probolinggo,Oktober 2022,1125.63,179.9,78.32,26.41,24.32,9.45,6778.35
Kabupaten Probolinggo,November 2022,844.79,209.0,80.3,26.51,17.07,8.36,5087.18
Kabupaten Probolinggo,Desember 2022,685.97,292.1,78.97,26.54,17.73,8.84,4130.79
Kabupaten Probolinggo,Januari 2023,1905.37,580.5,82.42,26.13,16.49,8.72,10721.82
Kabupaten Probolinggo,Februari 2023,1989.98,633.1,87.75,25.39,12.72,6.33,11197.94
Kabupaten Probolinggo,Maret 2023,7548.2,343.7,84.32,25.98,12.92,9.78,42000.38
Kabupaten Probolinggo,April 2023,8442.56,215.2,81.97,26.5,15.49,9.46,47434.28
Kabupaten Probolinggo,Mei 2023,4113.62,28.7,73.84,26.9,22.39,10.37,23831.89
Kabupaten Probolinggo,Juni 2023,3229.88,33.8,74.27,26.85,24.19,10.88,18712.02
Kabupaten Probolinggo,Juli 2023,1771.4,10.0,74.16,25.93,30.03,10.55,10262.45
Kabupaten Probolinggo,Agustus 2023,2110.72,2.2,72.35,26.02,28.26,10.93,12228.27
Kabupaten Probolinggo,September 2023,1183.72,8.9,69.73,26.53,31.55,10.92,7278.12
Kabupaten Probolinggo,Oktober 2023,944.52,24.6,70.0,28.27,24.42,11.27,5807.39
Kabupaten Probolinggo,November 2023,865.51,93.2,72.93,28.41,24.62,11.29,5321.6
Kabupaten Probolinggo,Desember 2023,1016.21,277.0,74.16,27.96,23.68,10.49,6248.18
Kabupaten Probolinggo,Januari 2024,1118.52,507.2,83.48,26.99,14.36,9.41,5948.66
Kabupaten Probolinggo,Februari 2024,1336.5,455.7,86.97,26.64,11.93,9.3,7107.95
Kabupaten Probolinggo,Maret 2024,2642.77,432.0,85.87,26.71,13.58,8.44,14055.13
Kabupaten Probolinggo,April 2024,10027.9,239.0,84.53,27.09,14.95,9.76,52923.64
Kabupaten Probolinggo,Mei 2024,7479.7,16.5,77.29,27.54,23.18,10.85,39245.75
Kabupaten Probolinggo,Juni 2024,2526.9,31.8,74.83,27.26,22.61,10.77,13258.57
Kabupaten Probolinggo,Juli 2024,1669.77,27.3,73.23,26.28,27.64,10.69,8761.23
Kabupaten Probolinggo,Agustus 2024,1607.44,14.2,72.26,26.18,31.5,10.87,8434.19
Kabupaten Probolinggo,September 2024,2546.2,28.5,71.9,27.39,26.18,11.02,14882.92
Kabupaten Probolinggo,Oktober 2024,660.17,28.9,69.87,28.23,28.88,11.41,3858.76
Kabupaten Probolinggo,November 2024,744.52,258.0,80.8,27.32,14.1,10.17,4351.81
Kabupaten Probolinggo,Desember 2024,817.56,938.6,89.29,26.02,10.98,7.36,4778.77
Kabupaten Pasuruan,Januari 2018,2535.0,289.7,82.0,26.27,9.82,7.46,14519.62
Kabupaten Pasuruan,Februari 2018,2389.0,324.3,84.75,25.88,7.69,8.71,13649.11
Kabupaten Pasuruan,Maret 2018,4950.0,159.0,82.26,26.25,7.44,10.11,27413.51
Kabupaten Pasuruan,April 2018,10448.0,39.3,74.27,27.33,9.38,10.85,59298.9
Kabupaten Pasuruan,Mei 2018,5635.0,6.0,60.39,28.36,12.23,10.87,33119.09
Kabupaten Pasuruan,Juni 2018,2525.0,10.8,60.77,28.0,13.82,10.72,14856.06
Kabupaten Pasuruan,Juli 2018,4622.0,0.1,55.61,27.35,15.62,10.89,27140.07
Kabupaten Pasuruan,Agustus 2018,6576.0,1.4,54.97,27.2,17.79,10.99,38676.31
Kabupaten Pasuruan,September 2018,3568.0,1.2,51.93,28.29,17.43,11.01,20404.6
Kabupaten Pasuruan,Oktober 2018,3355.0,2.0,53.77,29.2,17.71,11.47,19241.56
Kabupaten Pasuruan,November 2018,3026.0,187.8,68.9,28.37,13.67,10.64,17319.64
Kabupaten Pasuruan,Desember 2018,2934.0,329.6,79.84,26.97,10.58,8.92,16828.02
Kabupaten Pasuruan,Januari 2019,3557.0,384.6,85.87,26.25,9.51,8.13,17441.8
Kabupaten Pasuruan,Februari 2019,2344.0,284.9,85.07,26.36,7.76,9.76,11672.32
Kabupaten Pasuruan,Maret 2019,4580.0,481.3,84.77,26.15,8.55,8.46,22051.7
Kabupaten Pasuruan,April 2019,11284.0,192.9,81.07,26.85,8.08,10.15,55680.27
Kabupaten Pasuruan,Mei 2019,6388.0,29.1,68.42,27.48,11.73,10.87,31136.33
Kabupaten Pasuruan,Juni 2019,3032.0,1.7,59.87,27.43,13.92,10.93,14802.12
Kabupaten Pasuruan,Juli 2019,3839.0,6.6,58.74,26.92,15.06,10.92,18759.13
Kabupaten Pasuruan,Agustus 2019,6024.0,5.0,56.61,27.22,16.75,10.95,29401.37
Kabupaten Pasuruan,September 2019,4026.0,2.0,56.37,27.7,14.85,11.11,21661.59
Kabupaten Pasuruan,Oktober 2019,2851.0,5.8,51.13,29.32,16.17,11.51,15323.09
Kabupaten Pasuruan,November 2019,3526.0,9.4,55.9,29.95,14.83,11.52,18972.72
Kabupaten Pasuruan,Desember 2019,2338.0,163.1,74.48,28.44,10.47,10.02,12560.61
Kabupaten Pasuruan,Januari 2020,3754.0,385.0,82.77,27.0,8.34,9.39,19547.03
Kabupaten Pasuruan,Februari 2020,2340.0,531.8,88.9,26.36,7.47,8.83,12181.82
Kabupaten Pasuruan,Maret 2020,1937.0,289.8,87.19,26.55,7.9,9.22,10090.33
Kabupaten Pasuruan,April 2020,10766.0,215.7,84.2,26.75,8.06,9.83,55022.37
Kabupaten Pasuruan,Mei 2020,9395.0,109.2,77.65,27.31,9.2,10.07,46289.91
Kabupaten Pasuruan,Juni 2020,4179.0,6.9,68.3,27.02,11.31,10.77,20593.72
Kabupaten Pasuruan,Juli 2020,2062.0,9.0,62.61,27.21,14.69,10.81,10166.84
Kabupaten Pasuruan,Agustus 2020,6474.0,8.9,59.97,27.73,14.25,10.75,31918.0
Kabupaten Pasuruan,September 2020,4559.0,2.7,55.33,29.09,18.03,11.11,25044.36
Kabupaten Pasuruan,Oktober 2020,3919.0,128.0,64.87,28.55,15.92,10.62,21529.78
Kabupaten Pasuruan,November 2020,2437.0,128.0,70.57,28.19,12.19,9.73,13386.56
Kabupaten Pasuruan,Desember 2020,1304.0,332.4,84.68,26.15,8.47,7.66,7165.55
Kabupaten Pasuruan,Januari 2021,3725.0,444.2,88.74,25.67,8.2,7.1,18989.39
Kabupaten Pasuruan,Februari 2021,3020.0,397.4,87.64,25.92,9.4,8.7,15400.81
Kabupaten Pasuruan,Maret 2021,3605.0,286.0,85.65,25.97,7.0,9.31,18352.75
Kabupaten Pasuruan,April 2021,8724.0,150.9,75.73,26.75,9.42,10.1,44447.7
Kabupaten Pasuruan,Mei 2021,6334.0,41.7,69.35,27.83,10.82,10.76,32103.41
Kabupaten Pasuruan,Juni 2021,4540.0,35.1,74.1,27.22,10.02,10.53,23007.03
Kabupaten Pasuruan,Juli 2021,3514.0,6.6,58.97,27.47,13.67,10.71,17807.84
Kabupaten Pasuruan,Agustus 2021,4091.0,13.7,60.45,28.13,17.1,10.96,20729.53
Kabupaten Pasuruan,September 2021,3427.0,15.1,60.5,28.48,16.29,10.58,19917.06
Kabupaten Pasuruan,Oktober 2021,3943.0,73.1,61.19,28.94,16.12,11.37,22905.38
Kabupaten Pasuruan,November 2021,3119.0,367.8,83.77,26.47,9.38,8.12,18128.38
Kabupaten Pasuruan,Desember 2021,2265.0,432.7,84.77,26.38,8.48,8.27,13161.5
Kabupaten Pasuruan,Januari 2022,1953.69,434.5,84.71,25.91,9.72,8.63,10203.18
Kabupaten Pasuruan,Februari 2022,1901.2,395.9,87.21,25.53,10.23,8.16,9892.04
Kabupaten Pasuruan,Maret 2022,7436.61,364.6,86.16,26.05,9.18,8.94,37988.5
Kabupaten Pasuruan,April 2022,7308.68,204.2,79.13,26.55,10.01,10.12,37700.84
Kabupaten Pasuruan,Mei 2022,5522.17,179.4,83.0,26.44,9.56,9.89,29040.49
Kabupaten Pasuruan,Juni 2022,2177.21,66.6,76.03,26.37,10.55,10.62,11449.71
Kabupaten Pasuruan,Juli 2022,5967.49,23.6,68.1,26.7,12.68,10.74,31284.68
Kabupaten Pasuruan,Agustus 2022,2982.15,25.3,64.68,27.37,15.11,10.85,15668.85
Kabupaten Pasuruan,September 2022,3497.59,35.5,61.53,28.26,15.83,10.85,18445.11
Kabupaten Pasuruan,Oktober 2022,2827.14,190.3,76.45,26.77,10.95,9.02,14909.38
Kabupaten Pasuruan,November 2022,3219.27,261.2,83.17,26.24,9.19,8.43,16997.61
Kabupaten Pasuruan,Desember 2022,2591.62,223.7,78.42,26.51,10.45,8.84,13675.33
Kabupaten Pasuruan,Januari 2023,2464.66,292.1,79.84,26.37,9.75,9.32,12957.94
Kabupaten Pasuruan,Februari 2023,1916.71,675.2,87.96,25.61,9.63,6.9,10077.1
Kabupaten Pasuruan,Maret 2023,7623.48,256.6,82.26,26.18,8.9,9.91,38941.4
Kabupaten Pasuruan,April 2023,5655.97,198.9,82.97,26.41,8.3,9.46,29402.12
Kabupaten Pasuruan,Mei 2023,6320.27,52.7,71.55,26.87,11.79,10.42,33248.85
Kabupaten Pasuruan,Juni 2023,2940.54,10.0,66.57,27.61,12.9,10.93,15669.81
Kabupaten Pasuruan,Juli 2023,5431.91,11.6,64.45,27.05,14.05,10.79,28540.62
Kabupaten Pasuruan,Agustus 2023,3494.41,0.3,61.26,27.06,13.9,10.97,18621.32
Kabupaten Pasuruan,September 2023,4408.67,4.6,55.77,27.89,14.91,11.11,24326.81
Kabupaten Pasuruan,Oktober 2023,3623.78,6.3,57.1,29.21,13.8,11.53,20010.42
Kabupaten Pasuruan,November 2023,2948.27,79.6,63.07,29.6,13.85,11.16,16280.27
Kabupaten Pasuruan,Desember 2023,2170.47,128.1,71.71,28.5,11.89,10.51,11985.28
Kabupaten Pasuruan,Januari 2024,2687.56,271.5,79.9,27.56,10.9,9.58,15120.54
Kabupaten Pasuruan,Februari 2024,2808.87,345.6,86.59,26.94,7.99,9.47,15783.65
Kabupaten Pasuruan,Maret 2024,4361.17,306.2,85.19,27.11,9.11,8.79,24699.04
Kabupaten Pasuruan,April 2024,9260.82,151.2,81.13,27.72,8.62,9.27,51311.51
Kabupaten Pasuruan,Mei 2024,6487.81,8.2,67.29,28.62,11.62,10.89,32116.28
Kabupaten Pasuruan,Juni 2024,3892.71,20.6,68.83,27.66,11.2,10.85,19310.0
Kabupaten Pasuruan,Juli 2024,3985.31,11.8,62.65,27.2,13.0,10.72,19823.33
Kabupaten Pasuruan,Agustus 2024,5005.54,5.8,58.42,27.56,14.68,10.96,24818.76
Kabupaten Pasuruan,September 2024,3317.04,9.6,58.6,28.67,14.12,10.98,19596.96
Kabupaten Pasuruan,Oktober 2024,3718.47,12.5,57.9,29.5,15.84,11.47,21933.49
Kabupaten Pasuruan,November 2024,3847.33,129.6,71.27,28.73,12.69,10.77,22712.57
Kabupaten Pasuruan,Desember 2024,1714.36,452.3,83.84,26.89,9.07,7.75,10128.38
Kabupaten Sidoarjo,Januari 2018,2544.0,239.0,85.0,26.43,14.31,7.56,18447.54
Kabupaten Sidoarjo,Februari 2018,1534.0,255.4,86.93,26.05,14.0,8.86,11123.43
Kabupaten Sidoarjo,Maret 2018,3765.0,232.2,85.94,26.63,9.29,10.16,27302.82
Kabupaten Sidoarjo,April 2018,5646.0,51.2,77.93,27.84,11.56,10.86,40938.1
Kabupaten Sidoarjo,Mei 2018,4190.0,4.2,68.19,28.49,14.4,10.9,26893.71
Kabupaten Sidoarjo,Juni 2018,1857.0,13.3,67.27,28.08,14.71,10.78,11922.08
Kabupaten Sidoarjo,Juli 2018,2212.0,0.0,63.19,27.36,17.6,10.86,14200.55
Kabupaten Sidoarjo,Agustus 2018,4404.0,0.0,61.19,27.22,17.72,10.99,28265.53
Kabupaten Sidoarjo,September 2018,4555.0,1.2,60.37,28.23,18.41,11.02,28298.69
Kabupaten Sidoarjo,Oktober 2018,3263.0,2.3,60.16,29.48,16.82,11.44,20272.09
Kabupaten Sidoarjo,November 2018,1669.0,206.7,73.07,28.79,12.62,10.3,10366.97
Kabupaten Sidoarjo,Desember 2018,1637.0,300.0,83.65,27.22,10.17,8.88,10169.41
Kabupaten Sidoarjo,Januari 2019,370.0,354.6,87.9,26.52,13.32,8.2,2360.79
Kabupaten Sidoarjo,Februari 2019,747.0,240.4,86.39,26.8,10.08,9.58,4773.75
Kabupaten Sidoarjo,Maret 2019,1933.0,399.8,87.9,26.42,11.11,8.34,12348.41
Kabupaten Sidoarjo,April 2019,6487.0,139.7,83.37,27.39,10.15,10.1,41430.97
Kabupaten Sidoarjo,Mei 2019,7187.0,13.0,74.84,27.83,12.16,10.9,46172.04
Kabupaten Sidoarjo,Juni 2019,1959.0,1.5,68.23,27.35,14.05,10.9,12584.79
Kabupaten Sidoarjo,Juli 2019,485.0,5.5,66.81,26.8,16.61,10.86,3115.57
Kabupaten Sidoarjo,Agustus 2019,2127.0,2.8,63.0,27.1,17.76,10.99,13666.72
Kabupaten Sidoarjo,September 2019,3647.0,0.0,61.93,27.73,19.12,11.07,27603.99
Kabupaten Sidoarjo,Oktober 2019,5903.0,0.3,59.19,29.37,18.57,11.46,44683.23
Kabupaten Sidoarjo,November 2019,2229.0,22.1,64.37,29.96,14.5,11.5,16875.16
Kabupaten Sidoarjo,Desember 2019,1212.0,220.1,80.16,28.4,10.99,10.26,9172.69
Kabupaten Sidoarjo,Januari 2020,806.0,298.0,86.0,27.21,12.85,9.32,4191.42
Kabupaten Sidoarjo,Februari 2020,495.0,396.1,89.52,26.59,12.01,8.86,2576.33
Kabupaten Sidoarjo,Maret 2020,467.0,264.8,87.94,26.98,10.89,9.32,2428.03
Kabupaten Sidoarjo,April 2020,4157.0,179.5,84.67,27.36,10.24,9.82,21623.67
Kabupaten Sidoarjo,Mei 2020,8068.0,103.8,79.0,28.11,12.01,9.99,50002.15
Kabupaten Sidoarjo,Juni 2020,3842.0,6.8,71.53,27.82,13.9,10.73,23811.01
Kabupaten Sidoarjo,Juli 2020,1373.0,2.9,66.61,27.7,16.12,10.87,8512.14
Kabupaten Sidoarjo,Agustus 2020,1022.0,5.6,64.74,28.15,17.53,10.83,6334.62
Kabupaten Sidoarjo,September 2020,3240.0,0.8,61.07,29.26,18.98,11.07,20612.36
Kabupaten Sidoarjo,Oktober 2020,7980.0,94.0,68.32,28.99,16.55,10.59,50762.57
Kabupaten Sidoarjo,November 2020,2255.0,137.2,76.03,28.42,13.87,9.53,14343.72
Kabupaten Sidoarjo,Desember 2020,615.0,330.0,86.71,26.38,11.31,7.82,3911.91
Kabupaten Sidoarjo,Januari 2021,145.0,436.9,90.45,25.79,11.98,7.17,894.24
Kabupaten Sidoarjo,Februari 2021,159.0,295.7,87.71,26.06,16.98,8.86,978.92
Kabupaten Sidoarjo,Maret 2021,2550.0,323.3,87.61,26.52,10.25,9.64,15692.57
Kabupaten Sidoarjo,April 2021,7321.0,112.1,78.63,27.43,11.43,10.2,45053.34
Kabupaten Sidoarjo,Mei 2021,5618.0,36.7,71.94,28.45,13.33,10.72,31336.57
Kabupaten Sidoarjo,Juni 2021,1787.0,61.0,75.83,27.93,12.86,10.43,9970.46
Kabupaten Sidoarjo,Juli 2021,663.0,7.0,64.32,27.98,16.07,10.71,3700.73
Kabupaten Sidoarjo,Agustus 2021,1842.0,4.1,64.58,28.52,17.85,10.98,10276.08
Kabupaten Sidoarjo,September 2021,4599.0,18.2,64.77,28.83,17.76,10.53,31123.68
Kabupaten Sidoarjo,Oktober 2021,4146.0,57.3,67.42,29.05,15.2,11.19,28060.29
Kabupaten Sidoarjo,November 2021,3208.0,307.5,85.4,26.77,10.88,7.98,21711.73
Kabupaten Sidoarjo,Desember 2021,547.0,354.6,87.06,26.55,11.25,8.48,3702.79
Kabupaten Sidoarjo,Januari 2022,279.91,334.4,86.16,26.25,14.66,8.96,1716.71
Kabupaten Sidoarjo,Februari 2022,141.68,457.1,89.07,25.75,13.56,8.25,868.93
Kabupaten Sidoarjo,Maret 2022,1274.71,396.4,88.29,26.43,11.75,9.51,7817.9
Kabupaten Sidoarjo,April 2022,6040.02,128.4,80.33,27.33,11.05,10.25,37043.93
Kabupaten Sidoarjo,Mei 2022,6697.04,143.5,82.61,27.33,11.93,9.75,38152.05
Kabupaten Sidoarjo,Juni 2022,1501.78,52.5,78.83,27.07,11.88,10.49,8555.42
Kabupaten Sidoarjo,Juli 2022,174.64,11.6,71.52,27.24,13.52,10.66,994.9
Kabupaten Sidoarjo,Agustus 2022,1346.14,9.9,67.71,27.82,15.98,10.92,7668.76
Kabupaten Sidoarjo,September 2022,4805.71,9.2,64.63,28.74,15.39,10.85,31682.19
Kabupaten Sidoarjo,Oktober 2022,4777.51,183.1,81.97,26.85,11.18,9.37,31496.28
Kabupaten Sidoarjo,November 2022,4065.67,271.2,86.33,26.56,10.46,8.37,26803.39
Kabupaten Sidoarjo,Desember 2022,263.93,278.0,84.29,26.51,13.9,8.72,1739.99
Kabupaten Sidoarjo,Januari 2023,233.31,245.9,85.52,26.36,12.59,9.51,1355.3
Kabupaten Sidoarjo,Februari 2023,182.1,396.5,88.68,25.74,17.44,7.54,1057.82
Kabupaten Sidoarjo,Maret 2023,3840.56,284.2,86.68,26.42,10.97,9.7,22309.86
Kabupaten Sidoarjo,April 2023,5143.85,175.3,84.63,26.91,9.87,9.67,29880.69
Kabupaten Sidoarjo,Mei 2023,5400.39,32.2,75.55,27.38,11.86,10.38,33654.11
Kabupaten Sidoarjo,Juni 2023,1035.92,3.0,71.7,27.79,12.63,10.93,6455.64
Kabupaten Sidoarjo,Juli 2023,649.76,44.4,71.29,27.02,12.17,10.7,4049.17
Kabupaten Sidoarjo,Agustus 2023,1593.84,0.0,66.23,27.33,15.48,10.99,9932.48
Kabupaten Sidoarjo,September 2023,4860.41,0.8,62.77,28.01,16.42,11.04,32711.26
Kabupaten Sidoarjo,Oktober 2023,4372.93,0.8,60.45,29.85,17.65,11.49,29430.45
Kabupaten Sidoarjo,November 2023,3343.3,60.0,68.5,29.81,14.14,11.05,22500.89
Kabupaten Sidoarjo,Desember 2023,374.09,212.1,78.74,28.36,11.2,10.62,2517.68
Kabupaten Sidoarjo,Januari 2024,798.17,323.8,86.19,27.15,11.13,9.34,4826.56
Kabupaten Sidoarjo,Februari 2024,565.94,349.2,89.28,26.91,10.38,9.38,3422.26
Kabupaten Sidoarjo,Maret 2024,1000.79,335.8,86.35,27.25,12.95,8.98,6051.81
Kabupaten Sidoarjo,April 2024,4952.1,299.9,85.33,27.82,10.69,9.34,29945.5
Kabupaten Sidoarjo,Mei 2024,5611.0,2.9,73.16,28.8,12.63,10.93,32691.01
Kabupaten Sidoarjo,Juni 2024,3411.22,38.4,74.1,28.04,12.25,10.78,19874.58
Kabupaten Sidoarjo,Juli 2024,1700.5,6.8,69.35,27.23,13.62,10.77,9907.52
Kabupaten Sidoarjo,Agustus 2024,1205.75,0.2,64.9,27.76,14.67,10.96,7024.98
Kabupaten Sidoarjo,September 2024,4284.13,10.5,63.37,29.07,16.8,10.97,31741.95
Kabupaten Sidoarjo,Oktober 2024,4494.82,17.4,63.26,29.91,15.18,11.38,33302.99
Kabupaten Sidoarjo,November 2024,3366.17,195.3,74.97,28.98,13.11,10.74,24940.6
Kabupaten Sidoarjo,Desember 2024,709.52,406.7,85.29,27.02,13.58,7.74,5256.94
Kabupaten Mojokerto,Januari 2018,653.0,269.5,82.77,25.55,13.36,6.88,4221.65
Kabupaten Mojokerto,Februari 2018,3939.0,287.8,85.32,25.1,13.16,8.17,25536.87
Kabupaten Mojokerto,Maret 2018,8956.0,237.4,83.45,25.7,9.69,9.46,58304.2
Kabupaten Mojokerto,April 2018,8907.0,110.5,77.07,26.65,10.94,10.79,57650.16
Kabupaten Mojokerto,Mei 2018,4719.0,19.5,62.19,27.94,14.04,10.88,26008.64
Kabupaten Mojokerto,Juni 2018,3424.0,19.2,61.73,27.49,14.57,10.72,18900.83
Kabupaten Mojokerto,Juli 2018,7510.0,8.1,57.71,26.97,15.28,10.89,41032.67
Kabupaten Mojokerto,Agustus 2018,6581.0,2.0,56.23,26.94,16.35,10.91,36382.95
Kabupaten Mojokerto,September 2018,3541.0,10.3,51.77,28.05,20.24,10.88,22751.11
Kabupaten Mojokerto,Oktober 2018,1029.0,7.5,52.65,29.15,18.95,11.4,6613.62
Kabupaten Mojokerto,November 2018,1388.0,218.2,73.67,27.53,11.16,9.73,8915.76
Kabupaten Mojokerto,Desember 2018,1799.0,319.4,83.23,26.3,10.24,8.46,11555.39
Kabupaten Mojokerto,Januari 2019,1762.0,487.6,86.32,25.63,12.63,7.49,11537.67
Kabupaten Mojokerto,Februari 2019,1587.0,214.9,85.18,25.85,10.8,8.92,10392.84
Kabupaten Mojokerto,Maret 2019,11175.0,471.4,85.26,25.63,11.27,7.69,73124.7
Kabupaten Mojokerto,April 2019,11322.0,141.8,82.67,26.27,9.93,9.76,74136.67
Kabupaten Mojokerto,Mei 2019,4743.0,41.0,74.13,26.76,9.96,10.85,27264.05
Kabupaten Mojokerto,Juni 2019,3644.0,14.6,63.73,26.75,12.47,10.89,20851.79
Kabupaten Mojokerto,Juli 2019,6098.0,5.3,60.42,26.45,16.68,10.89,35020.89
Kabupaten Mojokerto,Agustus 2019,6575.0,6.8,58.26,26.77,18.35,10.97,37609.36
Kabupaten Mojokerto,September 2019,4074.0,0.8,55.27,27.5,21.64,11.06,25099.58
Kabupaten Mojokerto,Oktober 2019,1680.0,10.9,51.0,29.24,20.02,11.39,10347.94
Kabupaten Mojokerto,November 2019,1271.0,92.4,62.87,28.82,13.12,11.12,7828.24
Kabupaten Mojokerto,Desember 2019,1062.0,277.6,79.06,27.22,10.51,9.63,6542.15
Kabupaten Mojokerto,Januari 2020,1994.0,359.7,84.23,26.32,12.21,8.99,11972.37
Kabupaten Mojokerto,Februari 2020,2090.0,448.2,88.0,25.74,11.26,7.8,12549.56
Kabupaten Mojokerto,Maret 2020,2160.0,311.7,86.29,26.1,11.53,8.79,12974.64
Kabupaten Mojokerto,April 2020,17400.0,233.2,84.53,26.24,10.09,9.52,103992.37
Kabupaten Mojokerto,Mei 2020,5323.0,106.7,79.23,26.9,11.53,9.85,28635.43
Kabupaten Mojokerto,Juni 2020,3022.0,43.5,70.4,26.57,10.67,10.75,16267.08
Kabupaten Mojokerto,Juli 2020,6888.0,13.5,61.97,27.05,13.44,10.83,36969.37
Kabupaten Mojokerto,Agustus 2020,7060.0,5.4,58.74,27.65,17.29,10.83,37782.7
Kabupaten Mojokerto,September 2020,3865.0,6.2,56.1,28.86,18.0,11.07,23247.1
Kabupaten Mojokerto,Oktober 2020,2225.0,124.5,67.65,28.01,15.04,10.43,13382.65
Kabupaten Mojokerto,November 2020,1778.0,150.6,73.03,27.6,12.62,9.13,10693.19
Kabupaten Mojokerto,Desember 2020,702.0,387.4,84.48,25.69,12.63,7.32,4219.91
Kabupaten Mojokerto,Januari 2021,1580.0,442.2,88.97,25.08,12.01,6.01,9386.61
Kabupaten Mojokerto,Februari 2021,271.0,380.4,85.96,25.16,15.44,7.63,1609.37
Kabupaten Mojokerto,Maret 2021,7737.0,343.6,84.65,25.65,10.61,9.27,46376.26
Kabupaten Mojokerto,April 2021,12727.0,143.0,77.93,26.23,10.28,9.96,76140.2
Kabupaten Mojokerto,Mei 2021,5852.0,87.2,73.23,26.95,11.37,10.66,32724.87
Kabupaten Mojokerto,Juni 2021,2887.0,92.6,76.27,26.43,12.05,10.24,16083.69
Kabupaten Mojokerto,Juli 2021,6697.0,4.2,56.71,27.46,13.55,10.8,37453.05
Kabupaten Mojokerto,Agustus 2021,4994.0,15.7,59.81,27.95,15.42,10.88,27927.45
Kabupaten Mojokerto,September 2021,2642.0,31.9,60.03,28.32,15.88,10.48,15313.33
Kabupaten Mojokerto,Oktober 2021,3085.0,75.1,63.19,28.56,12.76,10.97,17876.76
Kabupaten Mojokerto,November 2021,1748.0,507.0,84.8,25.79,10.36,6.97,10129.97
Kabupaten Mojokerto,Desember 2021,1039.0,448.2,85.16,25.8,10.93,7.85,6020.76
Kabupaten Mojokerto,Januari 2022,879.53,370.1,83.42,25.56,13.46,8.49,5459.45
Kabupaten Mojokerto,Februari 2022,2810.33,416.5,85.32,25.21,13.33,7.45,17142.15
Kabupaten Mojokerto,Maret 2022,7584.2,531.6,85.77,25.59,11.12,8.34,45864.99
Kabupaten Mojokerto,April 2022,11314.7,260.5,80.13,26.1,10.42,9.67,69622.59
Kabupaten Mojokerto,Mei 2022,4933.92,212.0,81.97,26.16,11.95,9.26,26522.39
Kabupaten Mojokerto,Juni 2022,4208.72,158.1,79.6,25.72,11.12,10.17,22588.47
Kabupaten Mojokerto,Juli 2022,4476.65,86.6,73.81,25.83,12.4,10.67,24030.68
Kabupaten Mojokerto,Agustus 2022,5074.82,44.6,68.06,26.74,13.62,10.91,27236.44
Kabupaten Mojokerto,September 2022,2881.06,34.5,60.77,27.93,14.92,10.53,15397.86
Kabupaten Mojokerto,Oktober 2022,2509.24,312.0,81.26,25.89,10.16,8.5,13415.13
Kabupaten Mojokerto,November 2022,941.86,324.2,83.9,25.74,10.74,7.75,5033.78
Kabupaten Mojokerto,Desember 2022,1780.42,385.6,81.19,25.72,12.83,8.03,9515.48
Kabupaten Mojokerto,Januari 2023,1360.65,280.4,81.97,25.71,12.71,8.75,8158.9
Kabupaten Mojokerto,Februari 2023,4892.41,526.2,85.36,25.08,16.05,6.69,28759.8
Kabupaten Mojokerto,Maret 2023,8073.18,373.6,84.1,25.59,11.05,9.11,47996.69
Kabupaten Mojokerto,April 2023,8264.11,172.4,82.67,26.04,10.48,8.81,48971.98
Kabupaten Mojokerto,Mei 2023,6764.9,60.0,74.03,26.57,11.3,10.27,36818.84
Kabupaten Mojokerto,Juni 2023,4907.34,28.9,68.37,27.16,11.04,10.86,26716.53
Kabupaten Mojokerto,Juli 2023,4844.24,56.4,68.68,26.55,10.82,10.75,26367.89
Kabupaten Mojokerto,Agustus 2023,5437.65,2.0,61.87,26.93,14.58,10.98,29606.56
Kabupaten Mojokerto,September 2023,3253.35,9.7,58.77,27.66,15.3,11.0,18056.27
Kabupaten Mojokerto,Oktober 2023,2548.64,15.5,53.06,29.49,21.55,11.48,14145.09
Kabupaten Mojokerto,November 2023,1601.4,162.9,65.03,29.26,13.3,10.7,8887.86
Kabupaten Mojokerto,Desember 2023,1514.28,196.6,74.65,27.86,10.48,9.94,8404.34
Kabupaten Mojokerto,Januari 2024,933.31,343.4,82.77,26.81,12.3,8.92,5887.05
Kabupaten Mojokerto,Februari 2024,721.34,364.4,87.1,26.38,10.4,8.52,4550.0
Kabupaten Mojokerto,Maret 2024,4877.72,334.9,84.61,26.65,11.53,8.43,30494.51
Kabupaten Mojokerto,April 2024,13398.61,309.8,84.87,26.99,9.48,8.8,84210.96
Kabupaten Mojokerto,Mei 2024,6718.21,28.6,73.68,27.71,9.73,10.89,37615.43
Kabupaten Mojokerto,Juni 2024,2422.29,58.0,74.03,26.96,11.1,10.84,13562.47
Kabupaten Mojokerto,Juli 2024,3794.95,25.3,67.87,26.54,10.51,10.55,20940.04
Kabupaten Mojokerto,Agustus 2024,4707.88,8.0,62.48,27.19,11.85,10.89,26126.3
Kabupaten Mojokerto,September 2024,4659.73,32.9,61.93,28.27,14.27,10.76,29874.27
Kabupaten Mojokerto,Oktober 2024,2725.28,33.0,61.32,28.99,14.42,11.3,17472.17
Kabupaten Mojokerto,November 2024,1630.51,186.7,74.97,27.8,13.59,10.23,10453.47
Kabupaten Mojokerto,Desember 2024,706.23,608.3,85.29,26.29,13.33,7.23,4527.77
Kabupaten Jombang,Januari 2018,235.0,406.1,89.06,25.6,9.54,7.03,1456.1
Kabupaten Jombang,Februari 2018,3961.0,380.9,89.96,25.35,10.09,7.97,24501.94
Kabupaten Jombang,Maret 2018,18230.0,316.9,86.39,26.14,11.55,9.45,112790.38
Kabupaten Jombang,April 2018,12413.0,114.9,82.8,26.93,9.81,10.56,76791.59
Kabupaten Jombang,Mei 2018,393.0,14.6,69.77,28.0,11.05,10.8,2429.36
Kabupaten Jombang,Juni 2018,2037.0,16.5,67.67,27.8,12.65,10.55,12685.0
Kabupaten Jombang,Juli 2018,11572.0,1.8,62.61,27.28,15.71,10.76,72077.35
Kabupaten Jombang,Agustus 2018,7573.0,4.6,60.58,27.28,17.88,10.93,47171.51
Kabupaten Jombang,September 2018,3608.0,20.4,58.97,28.42,18.5,10.89,22980.74
Kabupaten Jombang,Oktober 2018,269.0,14.3,58.61,29.5,18.95,11.37,1716.1
Kabupaten Jombang,November 2018,1443.0,231.5,76.93,27.91,13.2,9.63,9195.01
Kabupaten Jombang,Desember 2018,1566.0,353.1,82.84,26.86,14.53,8.29,9978.21
Kabupaten Jombang,Januari 2019,509.0,634.6,90.74,25.82,10.96,7.3,3187.49
Kabupaten Jombang,Februari 2019,1298.0,346.8,89.25,26.12,9.41,8.76,8133.39
Kabupaten Jombang,Maret 2019,8856.0,460.1,88.87,25.95,11.19,7.56,55485.17
Kabupaten Jombang,April 2019,18366.0,280.5,87.67,26.66,8.88,9.54,115053.7
Kabupaten Jombang,Mei 2019,2697.0,55.0,79.06,26.98,9.16,10.74,15164.15
Kabupaten Jombang,Juni 2019,1107.0,11.9,69.83,26.77,13.39,10.83,6224.26
Kabupaten Jombang,Juli 2019,7046.0,11.0,65.9,26.72,14.26,10.81,39615.87
Kabupaten Jombang,Agustus 2019,8277.0,2.7,60.68,27.25,17.0,10.95,46535.07
Kabupaten Jombang,September 2019,3801.0,1.0,59.97,27.92,16.21,11.05,26115.76
Kabupaten Jombang,Oktober 2019,2125.0,6.0,57.77,29.61,18.25,11.39,14597.8
Kabupaten Jombang,November 2019,764.0,109.1,66.53,29.43,15.23,11.16,5247.24
Kabupaten Jombang,Desember 2019,1292.0,354.2,84.81,27.34,10.33,9.17,8876.44
Kabupaten Jombang,Januari 2020,782.0,401.8,87.65,26.67,10.61,9.03,5353.16
Kabupaten Jombang,Februari 2020,1480.0,623.6,92.31,26.0,9.51,7.74,10135.68
Kabupaten Jombang,Maret 2020,3661.0,472.5,90.61,26.34,9.77,8.23,25075.67
Kabupaten Jombang,April 2020,14614.0,311.1,89.03,26.56,8.48,9.14,100096.01
Kabupaten Jombang,Mei 2020,11106.0,152.9,83.94,27.2,10.26,9.91,58590.26
Kabupaten Jombang,Juni 2020,468.0,15.4,77.37,26.85,9.42,10.63,2468.91
Kabupaten Jombang,Juli 2020,5524.0,13.5,70.23,26.95,12.94,10.67,29143.12
Kabupaten Jombang,Agustus 2020,6474.0,11.5,66.23,27.71,14.38,10.71,34156.33
Kabupaten Jombang,September 2020,5205.0,23.7,64.03,28.66,16.05,10.98,34813.05
Kabupaten Jombang,Oktober 2020,3608.0,350.2,73.42,28.01,13.97,10.11,24130.68
Kabupaten Jombang,November 2020,1475.0,274.2,80.0,27.47,13.03,9.11,9867.06
Kabupaten Jombang,Desember 2020,1396.0,548.3,87.81,25.98,12.0,6.89,9333.97
Kabupaten Jombang,Januari 2021,473.0,486.5,90.74,25.52,11.45,5.9,2955.68
Kabupaten Jombang,Februari 2021,330.0,501.9,91.71,25.32,10.69,7.08,2059.76
Kabupaten Jombang,Maret 2021,8439.0,506.6,89.87,25.87,9.15,8.75,52751.82
Kabupaten Jombang,April 2021,18563.0,254.3,85.13,26.44,9.0,9.76,116041.31
Kabupaten Jombang,Mei 2021,2858.0,68.4,79.55,27.34,10.18,10.61,15390.79
Kabupaten Jombang,Juni 2021,420.0,127.3,84.1,26.52,9.97,9.96,2263.33
Kabupaten Jombang,Juli 2021,5944.0,6.1,70.87,26.83,12.52,10.73,32015.3
Kabupaten Jombang,Agustus 2021,8485.0,16.1,68.65,27.68,15.47,10.95,45696.96
Kabupaten Jombang,September 2021,6726.0,55.5,69.8,27.9,15.39,10.49,41002.98
Kabupaten Jombang,Oktober 2021,97.0,102.7,70.26,28.25,17.89,10.88,591.25
Kabupaten Jombang,November 2021,902.0,516.2,88.6,26.02,12.74,6.96,5498.04
Kabupaten Jombang,Desember 2021,1732.0,403.9,87.19,26.28,12.73,8.02,10559.42
Kabupaten Jombang,Januari 2022,994.45,391.1,87.65,25.75,11.54,7.93,6587.3
Kabupaten Jombang,Februari 2022,191.81,525.0,91.18,25.18,11.9,6.86,1270.56
Kabupaten Jombang,Maret 2022,7859.71,611.6,89.61,25.81,12.37,7.88,52063.26
Kabupaten Jombang,April 2022,16174.83,290.5,86.0,26.28,11.55,9.3,107143.18
Kabupaten Jombang,Mei 2022,5440.4,274.2,88.19,26.16,11.44,9.03,30334.59
Kabupaten Jombang,Juni 2022,535.21,148.0,84.97,25.8,10.48,9.61,2984.22
Kabupaten Jombang,Juli 2022,5464.45,49.6,76.55,26.28,11.25,10.57,30468.69
Kabupaten Jombang,Agustus 2022,8850.39,49.0,72.81,26.98,13.23,10.84,49348.01
Kabupaten Jombang,September 2022,5974.71,52.9,71.23,27.69,15.24,10.29,36268.25
Kabupaten Jombang,Oktober 2022,706.47,394.7,83.94,26.06,13.52,8.28,4288.48
Kabupaten Jombang,November 2022,1069.03,514.5,89.03,25.81,11.06,7.48,6489.33
Kabupaten Jombang,Desember 2022,1635.22,412.2,86.71,25.85,12.72,7.74,9926.27
Kabupaten Jombang,Januari 2023,1194.85,320.4,86.16,25.9,12.29,8.64,7806.56
Kabupaten Jombang,Februari 2023,385.42,608.9,91.14,25.1,11.09,5.89,2518.14
Kabupaten Jombang,Maret 2023,9870.88,423.8,88.61,25.82,10.64,8.8,64491.48
Kabupaten Jombang,April 2023,16293.31,209.1,86.13,26.38,11.2,8.73,106452.48
Kabupaten Jombang,Mei 2023,3364.32,69.7,79.81,26.55,10.54,10.11,18359.34
Kabupaten Jombang,Juni 2023,721.58,25.5,74.23,27.27,11.86,10.84,3937.72
Kabupaten Jombang,Juli 2023,6353.66,39.1,72.74,26.48,14.15,10.72,34672.39
Kabupaten Jombang,Agustus 2023,9733.68,3.2,68.97,26.65,14.75,10.97,53117.41
Kabupaten Jombang,September 2023,4738.74,10.7,64.47,27.48,17.5,11.05,29743.89
Kabupaten Jombang,Oktober 2023,1331.88,4.3,62.0,29.48,17.6,11.4,8359.88
Kabupaten Jombang,November 2023,914.6,128.4,72.53,28.81,15.64,10.57,5740.72
Kabupaten Jombang,Desember 2023,1859.79,202.3,76.35,27.92,15.38,9.7,11673.44
Kabupaten Jombang,Januari 2024,900.65,418.1,85.61,26.81,13.82,8.62,5836.85
Kabupaten Jombang,Februari 2024,230.26,531.0,90.59,26.37,10.98,8.31,1492.25
Kabupaten Jombang,Maret 2024,5503.27,430.7,89.52,26.5,10.63,8.18,35665.07
Kabupaten Jombang,April 2024,17728.48,320.9,88.37,26.94,10.12,8.72,114893.04
Kabupaten Jombang,Mei 2024,6218.64,22.1,78.87,27.53,11.45,10.92,35472.13
Kabupaten Jombang,Juni 2024,528.28,62.1,78.93,27.02,11.8,10.76,3013.39
Kabupaten Jombang,Juli 2024,4642.62,15.7,72.61,26.48,12.76,10.54,26482.26
Kabupaten Jombang,Agustus 2024,8084.13,5.3,67.45,27.11,15.98,10.91,46113.19
Kabupaten Jombang,September 2024,6383.71,84.6,69.27,27.9,15.32,10.67,40585.14
Kabupaten Jombang,Oktober 2024,2132.58,83.9,68.58,28.67,17.4,11.1,13558.1
Kabupaten Jombang,November 2024,639.4,295.8,81.87,27.47,14.29,9.32,4065.05
Kabupaten Jombang,Desember 2024,2377.44,709.9,87.32,26.44,13.49,6.9,15114.85
Kabupaten Nganjuk,Januari 2018,285.0,209.2,86.0,26.0,12.81,7.09,1747.06
Kabupaten Nganjuk,Februari 2018,5286.0,246.9,87.57,25.72,12.91,7.76,32371.45
Kabupaten Nganjuk,Maret 2018,20761.0,106.6,84.19,26.47,12.95,9.38,127141.72
Kabupaten Nganjuk,April 2018,6775.0,116.0,79.6,27.43,15.49,10.57,41488.96
Kabupaten Nganjuk,Mei 2018,1370.0,14.3,64.77,28.75,21.33,10.73,7848.62
Kabupaten Nganjuk,Juni 2018,9765.0,15.3,65.3,28.21,25.37,10.61,55957.96
Kabupaten Nganjuk,Juli 2018,12844.0,0.0,62.65,27.25,30.2,10.87,73602.51
Kabupaten Nganjuk,Agustus 2018,1647.0,0.1,62.1,27.15,31.69,10.94,9438.41
Kabupaten Nganjuk,September 2018,2068.0,4.1,60.53,28.25,29.48,10.95,13907.9
Kabupaten Nganjuk,Oktober 2018,1631.0,2.4,60.35,29.35,30.03,11.3,10970.72
Kabupaten Nganjuk,November 2018,2398.0,118.6,72.83,28.47,23.44,9.81,16130.39
Kabupaten Nganjuk,Desember 2018,711.0,363.0,82.1,26.88,15.75,8.44,4779.42
Kabupaten Nganjuk,Januari 2019,1660.0,468.1,87.45,26.28,13.81,7.19,10599.54
Kabupaten Nganjuk,Februari 2019,2281.0,210.2,87.07,26.49,10.32,8.78,14562.77
Kabupaten Nganjuk,Maret 2019,17505.0,343.7,87.03,26.16,12.94,7.79,111775.0
Kabupaten Nganjuk,April 2019,9924.0,122.7,83.73,27.17,13.14,9.72,63369.96
Kabupaten Nganjuk,Mei 2019,4266.0,18.3,71.16,28.0,22.02,10.91,24190.39
Kabupaten Nganjuk,Juni 2019,7321.0,2.2,64.23,27.65,26.77,10.9,41513.81
Kabupaten Nganjuk,Juli 2019,13307.0,9.6,63.68,27.22,27.92,10.84,75452.17
Kabupaten Nganjuk,Agustus 2019,2640.0,1.0,60.29,27.45,30.25,10.97,14967.47
Kabupaten Nganjuk,September 2019,1856.0,1.4,59.1,28.14,29.59,11.04,13078.26
Kabupaten Nganjuk,Oktober 2019,1397.0,4.4,57.19,29.76,30.03,11.36,9841.12
Kabupaten Nganjuk,November 2019,2272.0,46.2,62.83,29.95,25.7,11.28,16005.27
Kabupaten Nganjuk,Desember 2019,637.0,339.3,80.23,28.09,14.65,9.44,4489.92
Kabupaten Nganjuk,Januari 2020,1231.0,308.1,84.71,27.04,12.68,8.82,8134.94
Kabupaten Nganjuk,Februari 2020,2289.0,317.4,88.62,26.51,11.18,7.53,15133.16
Kabupaten Nganjuk,Maret 2020,16429.0,271.6,88.06,26.75,10.76,8.13,108599.02
Kabupaten Nganjuk,April 2020,12405.0,296.4,85.77,27.13,10.71,9.24,81998.34
Kabupaten Nganjuk,Mei 2020,4842.0,81.6,80.48,27.68,15.49,10.05,26727.57
Kabupaten Nganjuk,Juni 2020,5435.0,25.5,71.8,27.68,22.59,10.71,30001.39
Kabupaten Nganjuk,Juli 2020,15905.0,13.7,65.58,27.69,27.18,10.67,87799.78
Kabupaten Nganjuk,Agustus 2020,4479.0,14.7,63.9,28.15,27.1,10.75,24722.41
Kabupaten Nganjuk,September 2020,1756.0,8.0,62.03,29.05,29.54,11.0,11599.68
Kabupaten Nganjuk,Oktober 2020,2104.0,107.0,69.45,28.53,25.12,10.11,13896.29
Kabupaten Nganjuk,November 2020,2949.0,218.3,77.27,27.91,17.99,9.19,19477.53
Kabupaten Nganjuk,Desember 2020,1331.0,314.5,86.32,26.11,13.68,7.39,8793.94
Kabupaten Nganjuk,Januari 2021,1306.0,284.1,88.84,25.68,12.42,5.9,8321.07
Kabupaten Nganjuk,Februari 2021,3094.0,356.2,88.93,25.76,16.92,6.96,19717.34
Kabupaten Nganjuk,Maret 2021,18703.0,210.6,85.97,26.36,11.19,8.53,119196.59
Kabupaten Nganjuk,April 2021,11693.0,140.0,79.27,27.16,15.89,9.87,74521.84
Kabupaten Nganjuk,Mei 2021,2160.0,29.7,73.9,28.15,16.4,10.77,11534.71
Kabupaten Nganjuk,Juni 2021,8205.0,125.6,78.73,27.37,14.21,9.98,43806.17
Kabupaten Nganjuk,Juli 2021,15663.0,5.0,66.03,27.91,25.58,10.8,83622.96
Kabupaten Nganjuk,Agustus 2021,2858.0,13.1,63.97,28.5,28.01,10.97,15258.85
Kabupaten Nganjuk,September 2021,2143.0,78.1,66.13,28.4,26.99,10.64,13048.98
Kabupaten Nganjuk,Oktober 2021,2368.0,90.1,67.97,28.59,28.55,10.77,14417.27
Kabupaten Nganjuk,November 2021,3017.0,337.4,84.5,26.61,15.68,7.21,18373.44
Kabupaten Nganjuk,Desember 2021,1230.0,283.3,87.0,26.25,12.5,7.69,7491.79
Kabupaten Nganjuk,Januari 2022,1118.63,279.3,85.84,25.98,14.01,7.92,6549.39
Kabupaten Nganjuk,Februari 2022,3079.18,412.8,89.29,25.57,14.25,7.37,18028.09
Kabupaten Nganjuk,Maret 2022,18784.66,396.2,88.03,26.16,13.45,8.28,109981.07
Kabupaten Nganjuk,April 2022,10999.51,180.6,82.9,26.86,14.83,9.34,64400.31
Kabupaten Nganjuk,Mei 2022,1827.83,215.3,85.42,26.73,12.86,9.23,8352.44
Kabupaten Nganjuk,Juni 2022,8440.48,171.9,79.13,26.65,17.88,9.9,38569.55
Kabupaten Nganjuk,Juli 2022,14317.29,38.5,70.9,27.28,22.74,10.65,65424.17
Kabupaten Nganjuk,Agustus 2022,3490.56,74.7,68.0,27.75,26.81,10.82,15950.43
Kabupaten Nganjuk,September 2022,1852.12,106.8,68.07,28.18,26.14,10.4,11018.52
Kabupaten Nganjuk,Oktober 2022,1794.89,207.9,78.9,26.74,21.22,8.37,10678.05
Kabupaten Nganjuk,November 2022,2628.22,299.7,85.53,26.28,15.03,7.55,15635.65
Kabupaten Nganjuk,Desember 2022,1998.4,263.6,83.48,26.29,15.51,7.7,11888.76
Kabupaten Nganjuk,Januari 2023,1839.1,249.3,84.61,26.04,13.8,8.49,11374.57
Kabupaten Nganjuk,Februari 2023,2772.31,405.0,89.32,25.42,15.12,5.81,17146.35
Kabupaten Nganjuk,Maret 2023,20143.2,294.8,85.9,26.2,12.75,8.85,124582.85
Kabupaten Nganjuk,April 2023,9666.21,200.4,85.47,26.45,12.38,8.78,59784.14
Kabupaten Nganjuk,Mei 2023,2755.81,91.4,73.32,27.49,20.35,10.32,14696.76
Kabupaten Nganjuk,Juni 2023,10638.48,40.6,68.53,28.2,24.18,10.83,56735.11
Kabupaten Nganjuk,Juli 2023,12856.0,7.7,65.16,27.6,28.86,10.79,68561.17
Kabupaten Nganjuk,Agustus 2023,2708.66,0.2,62.9,27.49,28.76,10.97,14445.31
Kabupaten Nganjuk,September 2023,2276.34,0.5,58.87,28.23,31.9,11.04,13345.63
Kabupaten Nganjuk,Oktober 2023,2142.19,7.7,59.19,30.07,26.17,11.39,12559.14
Kabupaten Nganjuk,November 2023,2685.71,121.3,66.37,29.84,25.49,10.74,15745.67
Kabupaten Nganjuk,Desember 2023,1555.48,103.2,67.94,29.24,23.75,10.09,9119.41
Kabupaten Nganjuk,Januari 2024,744.71,364.2,84.55,26.89,13.81,8.39,4618.13
Kabupaten Nganjuk,Februari 2024,1683.45,280.5,87.1,26.85,11.19,8.26,10439.49
Kabupaten Nganjuk,Maret 2024,15164.16,235.9,83.39,27.4,15.5,8.11,94036.73
Kabupaten Nganjuk,April 2024,13200.42,226.8,81.77,27.91,15.15,9.06,81859.09
Kabupaten Nganjuk,Mei 2024,5051.06,27.3,68.94,29.01,22.26,10.89,26437.0
Kabupaten Nganjuk,Juni 2024,6348.31,34.5,68.93,28.6,21.81,10.83,33226.75
Kabupaten Nganjuk,Juli 2024,13458.67,19.5,64.52,27.82,26.38,10.57,70442.03
Kabupaten Nganjuk,Agustus 2024,4608.65,7.3,61.16,28.03,30.07,10.97,24121.45
Kabupaten Nganjuk,September 2024,2063.51,75.5,64.0,28.75,27.17,10.76,13089.81
Kabupaten Nganjuk,Oktober 2024,2521.16,72.3,64.1,29.43,28.55,11.2,15992.92
Kabupaten Nganjuk,November 2024,2782.78,289.4,80.3,27.81,17.4,9.4,17652.48
Kabupaten Nganjuk,Desember 2024,2058.69,400.3,87.35,26.39,11.11,6.87,13059.21
Kabupaten Madiun,Januari 2018,149.0,274.5,83.52,25.44,14.79,7.04,812.18
Kabupaten Madiun,Februari 2018,5020.0,343.4,86.89,24.92,12.04,8.06,29563.39
Kabupaten Madiun,Maret 2018,16032.0,158.9,83.39,25.61,10.81,9.42,94455.58
Kabupaten Madiun,April 2018,3797.0,86.6,81.03,26.1,10.47,10.54,22373.18
Kabupaten Madiun,Mei 2018,378.0,8.7,65.35,27.35,11.7,10.62,2076.72
Kabupaten Madiun,Juni 2018,10444.0,9.3,65.0,27.05,13.05,10.57,60801.53
Kabupaten Madiun,Juli 2018,12143.0,0.0,59.55,26.22,11.22,10.84,70771.25
Kabupaten Madiun,Agustus 2018,2623.0,0.2,59.74,26.09,11.78,10.95,15288.49
Kabupaten Madiun,September 2018,390.0,11.3,56.57,27.51,15.31,10.95,2288.4
Kabupaten Madiun,Oktober 2018,6349.0,3.0,55.48,28.78,15.12,11.29,37182.1
Kabupaten Madiun,November 2018,8853.0,117.7,72.2,27.25,12.05,9.59,51983.96
Kabupaten Madiun,Desember 2018,2955.0,234.0,79.81,26.21,13.65,8.29,17356.32
Kabupaten Madiun,Januari 2019,246.0,631.4,87.1,25.5,12.56,7.2,1459.34
Kabupaten Madiun,Februari 2019,1042.0,214.2,85.89,25.69,10.6,8.88,6057.87
Kabupaten Madiun,Maret 2019,16488.0,297.2,84.55,25.63,12.25,7.75,97968.41
Kabupaten Madiun,April 2019,8222.0,116.5,85.07,25.92,8.93,9.41,48841.73
Kabupaten Madiun,Mei 2019,83.0,12.3,75.94,26.12,9.74,10.87,514.16
Kabupaten Madiun,Juni 2019,2569.0,0.3,63.1,26.18,10.55,10.85,15722.39
Kabupaten Madiun,Juli 2019,17612.0,4.2,62.39,25.87,11.65,10.77,108813.79
Kabupaten Madiun,Agustus 2019,5119.0,0.1,60.03,26.12,14.33,10.97,31623.79
Kabupaten Madiun,September 2019,582.0,0.4,57.0,27.07,15.07,11.03,3788.9
Kabupaten Madiun,Oktober 2019,2218.0,0.3,52.35,29.07,17.6,11.35,14438.33
Kabupaten Madiun,November 2019,10852.0,77.9,62.93,28.57,15.01,11.16,70653.76
Kabupaten Madiun,Desember 2019,2981.0,251.9,81.03,26.8,11.09,9.33,19409.97
Kabupaten Madiun,Januari 2020,1392.0,291.5,84.74,26.13,11.68,8.76,8625.44
Kabupaten Madiun,Februari 2020,581.0,353.9,89.1,25.63,11.52,7.71,3599.98
Kabupaten Madiun,Maret 2020,12213.0,268.5,86.35,25.99,12.97,8.35,75688.09
Kabupaten Madiun,April 2020,12174.0,208.0,85.4,26.09,9.71,9.29,75453.66
Kabupaten Madiun,Mei 2020,1019.0,48.4,79.97,26.67,10.94,10.11,5914.65
Kabupaten Madiun,Juni 2020,635.0,6.0,71.8,26.38,10.7,10.56,3685.5
Kabupaten Madiun,Juli 2020,17559.0,4.7,64.87,26.57,12.42,10.61,101986.07
Kabupaten Madiun,Agustus 2020,8015.0,4.9,62.19,27.24,13.83,10.79,46552.5
Kabupaten Madiun,September 2020,390.0,4.3,58.63,28.37,14.79,10.98,2497.94
Kabupaten Madiun,Oktober 2020,1024.0,126.8,69.42,27.44,13.38,9.61,6569.86
Kabupaten Madiun,November 2020,12779.0,162.1,76.57,26.85,12.48,8.89,81988.01
Kabupaten Madiun,Desember 2020,5220.0,363.9,83.23,25.71,14.12,7.61,33490.68
Kabupaten Madiun,Januari 2021,1346.0,329.8,85.94,25.21,14.24,6.21,8073.36
Kabupaten Madiun,Februari 2021,242.0,594.7,90.07,24.79,14.95,6.4,1449.23
Kabupaten Madiun,Maret 2021,16006.0,270.7,85.23,25.54,10.09,8.42,95998.01
Kabupaten Madiun,April 2021,10676.0,171.2,81.57,25.84,9.62,9.81,64029.3
Kabupaten Madiun,Mei 2021,932.0,36.3,77.65,26.43,9.69,10.66,5624.59
Kabupaten Madiun,Juni 2021,1313.0,93.5,80.27,25.96,10.49,9.81,7925.8
Kabupaten Madiun,Juli 2021,18937.0,1.2,66.39,26.13,11.7,10.64,114348.36
Kabupaten Madiun,Agustus 2021,6725.0,9.2,65.84,26.96,12.76,10.96,40605.62
Kabupaten Madiun,September 2021,740.0,89.1,69.4,26.83,12.75,10.41,4684.54
Kabupaten Madiun,Oktober 2021,1148.0,40.1,71.35,26.94,13.32,10.6,7270.5
Kabupaten Madiun,November 2021,12073.0,334.8,85.2,25.54,10.6,7.01,76464.9
Kabupaten Madiun,Desember 2021,5577.0,313.7,83.94,25.76,12.85,7.73,35323.91
Kabupaten Madiun,Januari 2022,1704.64,310.7,84.35,25.37,13.29,8.2,9822.23
Kabupaten Madiun,Februari 2022,171.22,486.6,86.57,24.94,13.52,6.74,882.64
Kabupaten Madiun,Maret 2022,13690.44,525.3,86.29,25.45,11.57,8.02,79297.09
Kabupaten Madiun,April 2022,10749.4,237.6,82.8,25.76,10.69,9.21,62283.63
Kabupaten Madiun,Mei 2022,2940.28,202.6,84.35,25.85,11.6,9.14,15005.43
Kabupaten Madiun,Juni 2022,1057.52,81.5,80.0,25.51,11.4,9.79,5393.52
Kabupaten Madiun,Juli 2022,16822.71,21.9,72.39,25.79,12.86,10.44,85856.55
Kabupaten Madiun,Agustus 2022,6924.42,47.1,69.39,26.43,13.22,10.73,35339.54
Kabupaten Madiun,September 2022,2007.98,53.0,67.43,27.13,13.96,10.46,11383.71
Kabupaten Madiun,Oktober 2022,856.04,292.1,81.1,25.46,11.57,8.26,4835.91
Kabupaten Madiun,November 2022,10491.63,258.9,84.5,25.48,11.51,7.26,59472.63
Kabupaten Madiun,Desember 2022,5645.25,259.5,83.32,25.44,13.05,7.53,32000.81
Kabupaten Madiun,Januari 2023,2713.77,212.7,81.94,25.64,14.81,8.42,15149.5
Kabupaten Madiun,Februari 2023,2242.3,469.2,86.21,25.07,17.36,6.12,12432.66
Kabupaten Madiun,Maret 2023,9149.07,294.4,84.19,25.51,11.21,9.03,51074.27
Kabupaten Madiun,April 2023,12153.74,163.1,81.6,26.08,12.02,9.06,67784.05
Kabupaten Madiun,Mei 2023,3210.07,52.6,74.58,26.16,10.14,10.23,18840.65
Kabupaten Madiun,Juni 2023,2864.51,39.8,69.77,26.81,10.56,10.87,16835.07
Kabupaten Madiun,Juli 2023,10021.67,13.0,68.65,26.01,10.76,10.77,58885.89
Kabupaten Madiun,Agustus 2023,11019.72,0.0,61.87,26.34,10.65,10.97,64726.23
Kabupaten Madiun,September 2023,1840.69,0.4,57.23,27.3,11.8,11.04,11311.42
Kabupaten Madiun,Oktober 2023,2538.94,3.1,53.39,29.67,16.76,11.38,15647.74
Kabupaten Madiun,November 2023,7289.88,68.3,64.1,29.14,14.48,10.54,44917.28
Kabupaten Madiun,Desember 2023,9740.59,99.6,70.26,27.97,13.33,9.65,59988.32
Kabupaten Madiun,Januari 2024,1379.16,226.6,80.84,26.81,14.54,8.65,8285.96
Kabupaten Madiun,Februari 2024,1481.14,315.0,86.66,26.27,11.06,8.23,8918.83
Kabupaten Madiun,Maret 2024,6614.95,257.2,84.58,26.49,12.41,8.37,39832.58
Kabupaten Madiun,April 2024,16489.04,120.4,83.87,26.64,10.0,8.79,99215.25
Kabupaten Madiun,Mei 2024,2438.9,24.5,71.68,27.43,10.04,10.88,14346.55
Kabupaten Madiun,Juni 2024,1592.74,8.1,70.2,27.23,12.1,10.81,9396.97
Kabupaten Madiun,Juli 2024,8139.16,6.1,64.65,26.46,10.58,10.54,47977.38
Kabupaten Madiun,Agustus 2024,14922.6,1.0,61.29,26.86,10.86,10.91,88020.15
Kabupaten Madiun,September 2024,2320.74,29.5,63.17,27.83,12.72,10.56,13835.17
Kabupaten Madiun,Oktober 2024,1585.98,37.4,63.68,28.57,12.55,10.99,9450.78
Kabupaten Madiun,November 2024,7266.35,224.4,79.2,27.0,12.81,8.88,43346.02
Kabupaten Madiun,Desember 2024,9189.17,418.7,85.74,25.98,13.56,6.81,54832.61
Kabupaten Magetan,Januari 2018,432.0,1237.7,89.68,24.67,10.65,7.11,2772.92
Kabupaten Magetan,Februari 2018,5831.0,1087.8,89.89,24.41,10.5,8.09,37447.38
Kabupaten Magetan,Maret 2018,10015.0,382.0,84.29,25.36,11.0,9.4,64277.42
Kabupaten Magetan,April 2018,1872.0,81.8,79.37,26.1,13.51,10.58,12022.49
Kabupaten Magetan,Mei 2018,2574.0,22.3,65.55,27.0,20.3,10.83,16196.5
Kabupaten Magetan,Juni 2018,9538.0,29.7,68.37,26.43,21.65,10.72,60003.61
Kabupaten Magetan,Juli 2018,6227.0,3.1,64.35,25.3,25.97,10.81,39175.87
Kabupaten Magetan,Agustus 2018,738.0,5.5,64.35,25.16,25.8,10.92,4642.18
Kabupaten Magetan,September 2018,828.0,15.6,60.03,26.52,24.89,10.85,5288.16
Kabupaten Magetan,Oktober 2018,2263.0,7.7,59.32,27.76,25.07,11.21,14452.18
Kabupaten Magetan,November 2018,4482.0,122.3,74.87,26.87,17.43,9.65,28624.57
Kabupaten Magetan,Desember 2018,713.0,365.0,83.35,25.85,12.97,8.3,4555.09
Kabupaten Magetan,Januari 2019,291.0,1343.7,90.13,24.99,11.77,7.43,1764.91
Kabupaten Magetan,Februari 2019,2030.0,602.8,88.11,25.38,10.22,8.68,12328.0
Kabupaten Magetan,Maret 2019,12098.0,883.0,87.42,25.26,10.56,7.69,73480.11
Kabupaten Magetan,April 2019,2609.0,288.8,84.4,25.93,12.51,9.4,15846.76
Kabupaten Magetan,Mei 2019,698.0,58.1,74.61,26.12,20.94,10.93,3883.66
Kabupaten Magetan,Juni 2019,6741.0,2.5,65.47,25.76,23.72,10.8,37512.02
Kabupaten Magetan,Juli 2019,7189.0,4.7,65.19,25.26,24.33,10.8,40005.35
Kabupaten Magetan,Agustus 2019,1391.0,2.0,62.48,25.36,25.64,10.95,7737.99
Kabupaten Magetan,September 2019,540.0,2.5,59.67,26.26,26.71,11.02,4002.38
Kabupaten Magetan,Oktober 2019,1803.0,4.6,54.84,28.14,26.36,11.3,13369.8
Kabupaten Magetan,November 2019,6047.0,107.9,63.37,28.25,19.97,11.08,44835.16
Kabupaten Magetan,Desember 2019,796.0,232.2,80.9,26.75,11.98,9.75,5905.21
Kabupaten Magetan,Januari 2020,176.0,905.3,88.68,25.56,11.19,8.57,1286.08
Kabupaten Magetan,Februari 2020,1338.0,1117.0,91.52,25.24,9.33,7.21,9739.49
Kabupaten Magetan,Maret 2020,11188.0,607.3,88.87,25.61,10.51,8.16,81796.4
Kabupaten Magetan,April 2020,4509.0,257.6,85.4,25.99,10.65,9.4,32967.06
Kabupaten Magetan,Mei 2020,1070.0,165.1,81.1,26.41,15.08,10.13,6049.4
Kabupaten Magetan,Juni 2020,3483.0,26.6,75.0,25.99,21.04,10.51,19701.65
Kabupaten Magetan,Juli 2020,10182.0,13.8,68.71,25.72,24.07,10.69,57586.8
Kabupaten Magetan,Agustus 2020,2297.0,26.9,66.71,26.15,22.9,10.71,12990.54
Kabupaten Magetan,September 2020,362.0,13.7,63.37,27.14,26.05,10.97,2500.14
Kabupaten Magetan,Oktober 2020,4686.0,181.4,72.52,26.61,21.01,9.48,32381.79
Kabupaten Magetan,November 2020,6555.0,262.9,78.73,26.45,15.74,8.84,45301.6
Kabupaten Magetan,Desember 2020,977.0,1251.2,89.06,24.95,10.04,7.02,6752.12
Kabupaten Magetan,Januari 2021,183.0,1125.1,90.71,24.7,9.73,6.08,1155.68
Kabupaten Magetan,Februari 2021,2308.0,1351.2,91.39,24.57,11.86,6.78,14598.06
Kabupaten Magetan,Maret 2021,13240.0,1014.3,88.32,25.14,11.13,8.57,83757.28
Kabupaten Magetan,April 2021,3094.0,382.4,80.7,25.75,13.0,9.82,19574.87
Kabupaten Magetan,Mei 2021,1146.0,93.7,77.19,26.36,13.93,10.67,7084.68
Kabupaten Magetan,Juni 2021,6546.0,115.8,81.23,25.71,11.36,9.89,40466.31
Kabupaten Magetan,Juli 2021,9762.0,11.3,66.84,26.06,21.39,10.61,60346.04
Kabupaten Magetan,Agustus 2021,1118.0,42.2,68.84,26.22,23.8,10.95,6912.65
Kabupaten Magetan,September 2021,920.0,135.5,70.77,26.16,23.5,10.22,6087.08
Kabupaten Magetan,Oktober 2021,3048.0,76.4,70.0,26.93,21.89,10.67,20166.78
Kabupaten Magetan,November 2021,5344.0,417.2,85.43,25.44,12.9,7.41,35362.71
Kabupaten Magetan,Desember 2021,1778.0,518.8,87.35,25.39,10.66,7.39,11767.54
Kabupaten Magetan,Januari 2022,149.42,1216.5,87.97,24.78,10.57,8.09,954.88
Kabupaten Magetan,Februari 2022,2214.38,742.2,88.5,24.8,11.96,6.72,14151.19
Kabupaten Magetan,Maret 2022,11266.2,673.1,87.55,25.25,12.11,8.25,71997.66
Kabupaten Magetan,April 2022,3847.65,268.2,82.2,25.75,13.26,9.58,24588.75
Kabupaten Magetan,Mei 2022,790.03,206.4,84.13,25.82,11.83,9.22,4480.96
Kabupaten Magetan,Juni 2022,6447.55,124.0,78.87,25.56,16.07,9.85,36569.8
Kabupaten Magetan,Juli 2022,8134.33,46.9,72.77,25.73,20.6,10.53,46137.03
Kabupaten Magetan,Agustus 2022,1478.57,66.5,71.29,25.91,22.5,10.68,8386.29
Kabupaten Magetan,September 2022,671.98,96.3,70.5,26.41,21.71,10.47,4144.08
Kabupaten Magetan,Oktober 2022,2253.6,324.2,80.58,25.47,16.85,8.31,13897.89
Kabupaten Magetan,November 2022,5060.18,533.8,86.53,25.17,12.25,7.57,31205.99
Kabupaten Magetan,Desember 2022,1651.6,551.8,84.65,25.14,12.64,7.66,10185.37
Kabupaten Magetan,Januari 2023,319.97,967.3,87.77,24.92,10.35,8.05,2028.9
Kabupaten Magetan,Februari 2023,1670.68,1437.4,91.5,24.34,10.42,5.8,10593.63
Kabupaten Magetan,Maret 2023,12173.99,781.0,85.26,25.23,10.25,8.92,77194.13
Kabupaten Magetan,April 2023,3368.93,530.3,86.37,25.52,11.13,9.04,21362.07
Kabupaten Magetan,Mei 2023,740.12,76.5,76.03,25.83,19.34,10.39,4364.56
Kabupaten Magetan,Juni 2023,6902.68,48.9,72.43,26.39,20.67,10.84,40705.82
Kabupaten Magetan,Juli 2023,7178.1,33.1,68.55,25.51,24.81,10.66,42330.0
Kabupaten Magetan,Agustus 2023,2665.82,1.0,61.58,25.9,23.72,10.94,15720.62
Kabupaten Magetan,September 2023,1154.29,1.1,57.6,26.5,26.67,11.0,8137.28
Kabupaten Magetan,Oktober 2023,912.56,16.8,54.97,28.91,22.24,11.3,6433.18
Kabupaten Magetan,November 2023,4667.65,84.2,65.23,28.54,20.39,10.85,32905.05
Kabupaten Magetan,Desember 2023,2669.21,118.5,68.9,27.81,17.57,9.93,18816.85
Kabupaten Magetan,Januari 2024,127.07,672.2,84.55,26.18,10.43,8.31,796.67
Kabupaten Magetan,Februari 2024,1141.31,885.6,88.07,25.86,10.31,8.44,7155.53
Kabupaten Magetan,Maret 2024,10660.69,669.6,84.52,26.2,12.78,8.58,66837.97
Kabupaten Magetan,April 2024,5284.36,319.3,82.63,26.69,14.1,9.41,33130.68
Kabupaten Magetan,Mei 2024,954.4,68.2,72.55,27.0,19.66,10.87,5830.76
Kabupaten Magetan,Juni 2024,6000.14,48.9,71.47,26.93,19.83,10.81,36656.94
Kabupaten Magetan,Juli 2024,6713.83,12.5,66.1,26.1,23.73,10.59,41017.12
Kabupaten Magetan,Agustus 2024,3647.08,5.7,60.97,26.3,25.78,10.95,22281.28
Kabupaten Magetan,September 2024,107.06,55.9,63.87,27.27,22.16,10.73,706.15
Kabupaten Magetan,Oktober 2024,1853.36,51.8,63.68,27.96,23.17,11.09,12222.39
Kabupaten Magetan,November 2024,4007.91,212.8,79.73,26.72,12.41,9.35,26434.54
Kabupaten Magetan,Desember 2024,2907.4,1461.1,91.13,25.29,9.9,6.53,19176.02
Kabupaten Ngawi,Januari 2018,1125.0,184.4,85.65,25.35,13.24,7.0,6802.98
Kabupaten Ngawi,Februari 2018,18137.0,235.8,87.64,24.95,14.7,7.69,109542.01
Kabupaten Ngawi,Maret 2018,19811.0,206.1,84.94,25.56,10.19,9.09,119519.34
Kabupaten Ngawi,April 2018,3733.0,104.9,78.97,26.58,11.81,10.57,22503.72
Kabupaten Ngawi,Mei 2018,4340.0,16.8,58.9,28.51,16.62,10.74,26324.0
Kabupaten Ngawi,Juni 2018,20755.0,27.7,60.47,28.01,18.33,10.69,125826.01
Kabupaten Ngawi,Juli 2018,16021.0,1.1,53.94,27.33,23.13,10.83,97148.61
Kabupaten Ngawi,Agustus 2018,3901.0,4.4,54.29,27.11,22.73,10.92,23686.31
Kabupaten Ngawi,September 2018,3742.0,10.5,52.37,28.26,21.93,10.76,23755.02
Kabupaten Ngawi,Oktober 2018,14834.0,8.2,51.48,29.61,21.45,11.2,94152.88
Kabupaten Ngawi,November 2018,12488.0,180.2,75.0,27.45,12.93,9.44,79261.68
Kabupaten Ngawi,Desember 2018,2874.0,291.6,84.55,25.93,10.3,8.39,18240.04
Kabupaten Ngawi,Januari 2019,1654.0,602.9,88.58,25.44,13.83,7.21,10484.94
Kabupaten Ngawi,Februari 2019,8507.0,218.8,87.21,25.71,10.95,8.62,53932.03
Kabupaten Ngawi,Maret 2019,29392.0,598.7,87.42,25.48,11.28,7.69,186344.19
Kabupaten Ngawi,April 2019,5278.0,220.8,84.7,26.32,10.24,9.47,33460.56
Kabupaten Ngawi,Mei 2019,2881.0,22.3,69.23,27.28,16.39,10.92,17346.31
Kabupaten Ngawi,Juni 2019,19147.0,0.2,55.67,27.75,19.87,10.82,115147.64
Kabupaten Ngawi,Juli 2019,19475.0,6.0,54.39,27.29,22.18,10.76,117077.85
Kabupaten Ngawi,Agustus 2019,3589.0,0.9,51.55,27.55,22.99,10.96,21583.92
Kabupaten Ngawi,September 2019,2606.0,1.2,49.07,28.5,22.98,11.02,17756.72
Kabupaten Ngawi,Oktober 2019,10942.0,4.1,47.87,29.98,24.07,11.29,74541.46
Kabupaten Ngawi,November 2019,14872.0,122.1,59.9,29.45,15.47,10.98,101192.5
Kabupaten Ngawi,Desember 2019,4157.0,189.9,82.97,26.88,10.27,9.55,28322.24
Kabupaten Ngawi,Januari 2020,1134.0,313.7,86.52,26.06,13.91,8.57,7564.73
Kabupaten Ngawi,Februari 2020,4099.0,420.3,89.86,25.62,13.67,7.29,27350.93
Kabupaten Ngawi,Maret 2020,32426.0,341.5,88.39,26.0,11.05,8.3,216342.48
Kabupaten Ngawi,April 2020,6956.0,165.9,85.13,26.4,9.94,9.3,46406.85
Kabupaten Ngawi,Mei 2020,1287.0,117.5,79.1,27.09,11.75,10.06,8079.76
Kabupaten Ngawi,Juni 2020,8458.0,19.8,65.07,27.62,17.65,10.41,53091.68
Kabupaten Ngawi,Juli 2020,29549.0,11.4,57.77,27.69,21.25,10.68,185518.77
Kabupaten Ngawi,Agustus 2020,5534.0,33.7,58.68,27.94,20.56,10.67,34749.66
Kabupaten Ngawi,September 2020,603.0,8.9,53.63,29.14,22.48,10.95,4286.08
Kabupaten Ngawi,Oktober 2020,7696.0,252.5,66.94,28.1,17.66,9.46,54349.92
Kabupaten Ngawi,November 2020,23104.0,221.8,77.13,26.97,11.97,8.87,164079.43
Kabupaten Ngawi,Desember 2020,5062.0,564.5,88.19,25.15,13.61,7.27,35952.86
Kabupaten Ngawi,Januari 2021,726.0,445.7,89.87,24.84,13.91,6.04,4448.31
Kabupaten Ngawi,Februari 2021,5988.0,437.6,89.39,24.99,18.56,6.61,36572.31
Kabupaten Ngawi,Maret 2021,29825.0,282.6,86.81,25.55,11.35,8.32,182606.32
Kabupaten Ngawi,April 2021,7965.0,143.4,79.0,26.35,13.0,9.86,48776.05
Kabupaten Ngawi,Mei 2021,1566.0,85.0,73.1,27.48,13.03,10.61,9294.24
Kabupaten Ngawi,Juni 2021,10157.0,137.8,79.3,26.43,9.87,9.86,60280.26
Kabupaten Ngawi,Juli 2021,28179.0,9.7,58.61,27.49,18.36,10.54,167253.37
Kabupaten Ngawi,Agustus 2021,5434.0,60.8,58.71,28.11,21.49,10.95,32254.39
Kabupaten Ngawi,September 2021,616.0,110.3,62.7,27.82,19.64,10.24,3880.68
Kabupaten Ngawi,Oktober 2021,10685.0,101.8,66.9,28.0,16.99,10.51,67235.52
Kabupaten Ngawi,November 2021,21060.0,476.4,87.83,25.41,11.03,6.84,132677.47
Kabupaten Ngawi,Desember 2021,6537.0,439.8,87.97,25.35,11.08,7.3,41196.73
Kabupaten Ngawi,Januari 2022,844.65,250.8,86.39,25.19,14.96,8.28,5184.08
Kabupaten Ngawi,Februari 2022,6181.52,391.9,88.18,25.07,15.46,6.54,37705.42
Kabupaten Ngawi,Maret 2022,26458.94,471.8,87.61,25.42,12.35,8.21,161888.54
Kabupaten Ngawi,April 2022,11893.7,249.3,83.23,26.04,10.39,9.25,72821.87
Kabupaten Ngawi,Mei 2022,1164.18,213.4,83.9,26.13,11.87,9.15,6447.01
Kabupaten Ngawi,Juni 2022,9526.58,151.8,77.7,25.98,14.07,9.75,52579.48
Kabupaten Ngawi,Juli 2022,26853.43,78.7,66.68,26.95,16.83,10.41,148533.65
Kabupaten Ngawi,Agustus 2022,7598.35,82.3,63.0,27.55,20.51,10.66,42046.51
Kabupaten Ngawi,September 2022,987.72,107.7,64.03,27.87,19.63,10.4,5947.46
Kabupaten Ngawi,Oktober 2022,6058.01,275.8,82.13,25.76,12.49,8.26,36289.56
Kabupaten Ngawi,November 2022,22120.14,340.9,87.43,25.45,11.28,7.56,133000.33
Kabupaten Ngawi,Desember 2022,8898.57,336.4,85.39,25.36,13.39,7.69,53495.04
Kabupaten Ngawi,Januari 2023,1512.54,244.3,85.74,25.2,13.07,7.91,9238.74
Kabupaten Ngawi,Februari 2023,2065.1,379.6,89.18,24.85,17.94,5.91,12573.66
Kabupaten Ngawi,Maret 2023,27743.56,341.8,85.81,25.48,12.08,8.46,168875.14
Kabupaten Ngawi,April 2023,12496.15,279.9,84.97,25.82,9.21,8.99,76167.68
Kabupaten Ngawi,Mei 2023,2388.46,85.3,73.26,26.61,14.93,10.25,13985.88
Kabupaten Ngawi,Juni 2023,5800.92,33.8,66.4,27.63,17.61,10.85,33955.28
Kabupaten Ngawi,Juli 2023,24319.96,14.1,60.77,27.1,19.0,10.69,142225.58
Kabupaten Ngawi,Agustus 2023,12793.29,0.2,54.65,27.56,20.55,10.95,74862.19
Kabupaten Ngawi,September 2023,1487.62,0.8,50.1,28.33,23.58,10.99,9963.7
Kabupaten Ngawi,Oktober 2023,2904.02,10.4,51.45,30.37,20.89,11.28,19450.39
Kabupaten Ngawi,November 2023,18173.17,73.4,65.23,29.5,16.02,10.78,121420.55
Kabupaten Ngawi,Desember 2023,13238.13,111.4,72.68,28.09,12.32,9.61,88532.58
Kabupaten Ngawi,Januari 2024,2113.0,306.8,85.52,26.43,11.38,8.09,12826.55
Kabupaten Ngawi,Februari 2024,1758.77,397.0,87.76,26.29,12.36,8.31,10676.27
Kabupaten Ngawi,Maret 2024,19484.39,220.3,82.94,26.94,15.01,8.58,117677.47
Kabupaten Ngawi,April 2024,21334.29,221.8,83.2,27.31,11.68,9.17,129355.53
Kabupaten Ngawi,Mei 2024,2514.6,69.3,66.19,28.46,15.15,10.9,15742.03
Kabupaten Ngawi,Juni 2024,4062.77,65.7,66.33,28.23,16.68,10.77,25367.63
Kabupaten Ngawi,Juli 2024,20068.05,24.8,57.65,27.86,20.62,10.58,125246.82
Kabupaten Ngawi,Agustus 2024,16604.33,10.5,53.81,28.15,22.98,10.9,103869.41
Kabupaten Ngawi,September 2024,4139.23,64.3,58.87,28.68,19.21,10.75,26537.08
Kabupaten Ngawi,Oktober 2024,4550.75,32.7,59.29,29.39,19.72,11.1,28967.56
Kabupaten Ngawi,November 2024,15913.24,363.4,82.73,26.98,11.47,9.23,101852.09
Kabupaten Ngawi,Desember 2024,10532.25,536.8,91.06,25.55,12.08,6.3,67585.09
Kabupaten Bojonegoro,Januari 2018,4576.0,335.3,86.97,25.58,15.1,6.96,26071.89
Kabupaten Bojonegoro,Februari 2018,17334.0,332.9,88.68,25.22,14.28,7.34,98763.59
Kabupaten Bojonegoro,Maret 2018,37404.0,372.2,86.81,25.87,10.74,8.99,212131.78
Kabupaten Bojonegoro,April 2018,10399.0,107.1,82.63,26.6,11.7,10.68,58608.84
Kabupaten Bojonegoro,Mei 2018,9539.0,23.8,65.65,28.25,14.82,10.62,47394.12
Kabupaten Bojonegoro,Juni 2018,16393.0,26.6,64.83,28.01,17.43,10.65,81366.73
Kabupaten Bojonegoro,Juli 2018,14315.0,1.3,58.03,27.53,20.12,10.62,71031.95
Kabupaten Bojonegoro,Agustus 2018,3468.0,2.2,58.03,27.36,20.47,10.67,17230.94
Kabupaten Bojonegoro,September 2018,10296.0,10.7,56.43,28.35,20.89,10.75,67496.56
Kabupaten Bojonegoro,Oktober 2018,3412.0,9.9,55.94,29.56,20.89,11.22,22365.97
Kabupaten Bojonegoro,November 2018,4711.0,190.8,77.67,27.56,12.94,9.65,30882.32
Kabupaten Bojonegoro,Desember 2018,2924.0,474.4,85.19,26.34,12.11,8.05,19168.71
Kabupaten Bojonegoro,Januari 2019,4480.0,499.3,89.58,25.67,13.95,7.19,25497.92
Kabupaten Bojonegoro,Februari 2019,7438.0,299.1,88.54,25.95,11.34,8.76,42334.99
Kabupaten Bojonegoro,Maret 2019,26617.0,369.8,88.13,25.84,11.97,7.79,151447.33
Kabupaten Bojonegoro,April 2019,30573.0,247.9,86.33,26.49,10.25,9.55,173832.85
Kabupaten Bojonegoro,Mei 2019,4035.0,98.3,73.13,27.33,15.84,10.84,18255.29
Kabupaten Bojonegoro,Juni 2019,18509.0,12.8,61.6,27.64,18.48,10.82,83824.42
Kabupaten Bojonegoro,Juli 2019,15821.0,14.9,60.19,27.26,20.32,10.65,71629.02
Kabupaten Bojonegoro,Agustus 2019,5279.0,3.5,56.0,27.69,21.39,10.87,23908.81
Kabupaten Bojonegoro,September 2019,3795.0,1.6,54.5,28.47,21.31,10.91,23869.96
Kabupaten Bojonegoro,Oktober 2019,4469.0,5.8,51.84,30.0,20.64,11.27,28109.01
Kabupaten Bojonegoro,November 2019,4241.0,91.8,64.73,29.37,14.71,11.05,26672.43
Kabupaten Bojonegoro,Desember 2019,3608.0,326.1,84.58,27.0,10.47,9.41,22691.13
Kabupaten Bojonegoro,Januari 2020,2963.0,390.5,88.16,26.31,12.53,8.6,16455.01
Kabupaten Bojonegoro,Februari 2020,6196.0,392.6,90.31,25.93,12.67,7.71,34413.21
Kabupaten Bojonegoro,Maret 2020,18317.0,334.3,89.06,26.21,11.33,8.46,101065.38
Kabupaten Bojonegoro,April 2020,36834.0,214.4,87.77,26.42,10.12,8.7,201732.58
Kabupaten Bojonegoro,Mei 2020,12616.0,161.3,83.32,27.03,11.77,9.88,62503.05
Kabupaten Bojonegoro,Juni 2020,12181.0,21.3,71.83,27.25,15.56,10.57,60580.6
Kabupaten Bojonegoro,Juli 2020,16474.0,19.7,64.26,27.48,19.18,10.53,81926.37
Kabupaten Bojonegoro,Agustus 2020,13374.0,23.3,61.1,28.18,18.96,10.67,66467.02
Kabupaten Bojonegoro,September 2020,5044.0,21.5,58.23,29.14,19.65,10.93,31384.47
Kabupaten Bojonegoro,Oktober 2020,4893.0,352.3,71.29,27.95,16.97,9.59,30442.06
Kabupaten Bojonegoro,November 2020,4246.0,249.6,82.3,26.91,12.36,8.73,26418.17
Kabupaten Bojonegoro,Desember 2020,2496.0,549.1,88.9,25.68,13.07,7.05,15527.2
Kabupaten Bojonegoro,Januari 2021,3562.0,455.4,90.84,25.29,13.45,5.7,18919.35
Kabupaten Bojonegoro,Februari 2021,10664.0,372.4,90.46,25.17,17.44,6.59,56637.29
Kabupaten Bojonegoro,Maret 2021,41759.0,380.7,88.74,25.75,11.44,8.72,221428.29
Kabupaten Bojonegoro,April 2021,14424.0,163.6,82.2,26.45,12.18,10.0,75747.33
Kabupaten Bojonegoro,Mei 2021,5486.0,69.7,75.97,27.52,12.33,10.57,24344.39
Kabupaten Bojonegoro,Juni 2021,22713.0,132.6,80.93,26.7,11.93,9.95,100863.21
Kabupaten Bojonegoro,Juli 2021,16078.0,15.7,63.9,27.61,17.45,10.57,71378.09
Kabupaten Bojonegoro,Agustus 2021,1650.0,22.5,62.13,28.33,19.29,10.89,7327.66
Kabupaten Bojonegoro,September 2021,3910.0,65.7,64.77,28.22,19.09,10.53,20833.28
Kabupaten Bojonegoro,Oktober 2021,6580.0,147.9,69.77,28.14,16.2,10.28,35055.5
Kabupaten Bojonegoro,November 2021,3781.0,510.3,88.83,25.74,11.15,6.65,20144.64
Kabupaten Bojonegoro,Desember 2021,4002.0,475.0,88.61,25.81,12.33,7.63,21322.97
Kabupaten Bojonegoro,Januari 2022,1601.65,283.5,87.52,25.5,16.35,7.83,9362.65
Kabupaten Bojonegoro,Februari 2022,12711.01,433.6,89.75,25.23,13.67,7.0,74278.61
Kabupaten Bojonegoro,Maret 2022,49074.54,572.7,89.26,25.6,11.81,7.7,283043.45
Kabupaten Bojonegoro,April 2022,7751.19,317.8,86.4,25.96,11.81,8.91,42332.37
Kabupaten Bojonegoro,Mei 2022,2481.23,238.7,87.29,26.11,12.45,8.74,10979.17
Kabupaten Bojonegoro,Juni 2022,23745.1,133.6,81.87,25.99,13.46,9.68,105282.46
Kabupaten Bojonegoro,Juli 2022,16401.2,67.4,71.87,26.74,16.05,10.29,72573.51
Kabupaten Bojonegoro,Agustus 2022,2668.2,63.2,67.52,27.39,19.49,10.68,11806.49
Kabupaten Bojonegoro,September 2022,3338.64,71.9,67.67,27.89,17.54,10.09,18334.94
Kabupaten Bojonegoro,Oktober 2022,4624.72,366.9,84.58,25.86,13.56,7.97,25397.75
Kabupaten Bojonegoro,November 2022,5612.19,418.9,88.53,25.58,11.16,7.02,30820.68
Kabupaten Bojonegoro,Desember 2022,3655.83,335.8,87.23,25.53,14.5,7.49,20076.86
Kabupaten Bojonegoro,Januari 2023,2152.36,319.2,87.29,25.55,14.77,8.03,12065.62
Kabupaten Bojonegoro,Februari 2023,29810.39,468.5,89.36,25.14,17.06,5.8,166942.05
Kabupaten Bojonegoro,Maret 2023,32452.72,397.7,87.9,25.64,12.66,8.6,179152.2
Kabupaten Bojonegoro,April 2023,6477.56,295.7,87.17,26.05,11.48,8.96,33277.34
Kabupaten Bojonegoro,Mei 2023,8881.52,147.0,76.65,26.74,15.33,10.08,42244.38
Kabupaten Bojonegoro,Juni 2023,28941.98,35.0,69.4,27.77,16.2,10.66,137735.75
Kabupaten Bojonegoro,Juli 2023,5564.07,32.3,66.35,27.1,18.91,10.53,26462.7
Kabupaten Bojonegoro,Agustus 2023,3305.0,2.6,60.94,27.5,19.04,10.89,15718.57
Kabupaten Bojonegoro,September 2023,3749.89,4.9,56.37,28.21,21.9,10.95,22897.35
Kabupaten Bojonegoro,Oktober 2023,5137.75,10.9,55.48,30.23,19.96,11.35,31371.81
Kabupaten Bojonegoro,November 2023,4013.48,147.5,70.57,28.98,15.48,10.32,24506.87
Kabupaten Bojonegoro,Desember 2023,2225.3,286.9,79.48,27.38,13.31,9.56,13587.99
Kabupaten Bojonegoro,Januari 2024,2737.14,352.1,86.71,26.48,13.21,8.26,15837.66
Kabupaten Bojonegoro,Februari 2024,7175.29,447.7,89.9,26.26,12.27,8.35,41517.71
Kabupaten Bojonegoro,Maret 2024,21186.21,281.3,86.77,26.67,14.01,8.23,122138.33
Kabupaten Bojonegoro,April 2024,31243.42,357.2,88.23,26.75,11.59,8.73,179810.36
Kabupaten Bojonegoro,Mei 2024,11063.63,51.0,74.87,27.78,14.62,10.83,51399.61
Kabupaten Bojonegoro,Juni 2024,17625.74,37.9,73.63,27.53,14.64,10.73,82737.06
Kabupaten Bojonegoro,Juli 2024,15475.15,19.7,64.42,27.43,19.06,10.48,72779.58
Kabupaten Bojonegoro,Agustus 2024,7374.47,7.4,59.16,27.95,21.7,10.85,34705.98
Kabupaten Bojonegoro,September 2024,4734.37,82.6,62.57,28.55,17.71,10.67,29925.35
Kabupaten Bojonegoro,Oktober 2024,4903.54,55.6,64.74,29.01,18.44,11.11,30994.66
Kabupaten Bojonegoro,November 2024,4952.77,322.9,83.1,27.26,13.96,9.12,31305.84
Kabupaten Bojonegoro,Desember 2024,2748.83,556.1,88.61,26.24,15.21,6.69,17375.04
Kabupaten Tuban,Januari 2018,2859.0,346.4,86.9,25.1,15.85,7.2,15526.73
Kabupaten Tuban,Februari 2018,5658.0,331.7,89.39,24.6,15.39,7.49,30721.53
Kabupaten Tuban,Maret 2018,28266.0,336.2,87.68,25.26,12.13,9.37,153481.84
Kabupaten Tuban,April 2018,17112.0,159.9,84.73,25.87,11.67,10.75,92904.5
Kabupaten Tuban,Mei 2018,1764.0,49.4,75.26,26.69,14.18,10.78,10381.99
Kabupaten Tuban,Juni 2018,6662.0,44.7,73.37,26.38,15.4,10.8,39285.52
Kabupaten Tuban,Juli 2018,7703.0,6.6,64.65,26.25,16.19,10.7,45418.71
Kabupaten Tuban,Agustus 2018,3921.0,6.2,62.74,26.29,17.88,10.97,23119.31
Kabupaten Tuban,September 2018,7612.0,34.4,62.3,27.21,18.19,10.91,53262.28
Kabupaten Tuban,Oktober 2018,9659.0,19.5,63.16,28.2,16.65,11.1,67645.69
Kabupaten Tuban,November 2018,2660.0,270.4,80.4,26.64,12.68,10.0,18628.19
Kabupaten Tuban,Desember 2018,1980.0,291.7,86.16,25.65,13.44,8.36,13864.83
Kabupaten Tuban,Januari 2019,3772.0,464.2,90.19,25.13,15.31,7.49,20176.71
Kabupaten Tuban,Februari 2019,5928.0,297.0,89.82,25.37,11.8,9.35,31711.65
Kabupaten Tuban,Maret 2019,13357.0,354.9,88.97,25.25,12.81,8.21,71450.23
Kabupaten Tuban,April 2019,27854.0,471.9,88.17,25.81,11.41,9.69,148962.42
Kabupaten Tuban,Mei 2019,6665.0,61.6,78.0,26.31,12.76,10.82,33837.62
Kabupaten Tuban,Juni 2019,3704.0,20.7,68.47,26.43,15.51,10.77,18807.73
Kabupaten Tuban,Juli 2019,7322.0,17.0,65.68,26.27,17.27,10.81,37182.33
Kabupaten Tuban,Agustus 2019,5179.0,11.8,62.94,26.53,18.28,10.97,26291.91
Kabupaten Tuban,September 2019,3175.0,6.7,62.7,27.12,19.22,10.95,23968.36
Kabupaten Tuban,Oktober 2019,10103.0,11.4,59.55,28.58,17.77,11.32,76271.47
Kabupaten Tuban,November 2019,2990.0,160.7,73.4,27.63,14.15,11.25,22577.47
Kabupaten Tuban,Desember 2019,1152.0,365.6,86.32,26.2,11.65,9.89,8696.46
Kabupaten Tuban,Januari 2020,3183.0,478.6,89.13,25.64,13.87,8.64,17397.72
Kabupaten Tuban,Februari 2020,6250.0,405.2,90.55,25.37,13.52,8.14,34158.25
Kabupaten Tuban,Maret 2020,10599.0,353.8,89.61,25.74,12.75,9.04,57925.04
Kabupaten Tuban,April 2020,21304.0,360.8,89.23,25.81,10.57,8.72,116423.68
Kabupaten Tuban,Mei 2020,15556.0,181.0,85.74,26.36,12.63,10.01,74831.23
Kabupaten Tuban,Juni 2020,4591.0,27.9,77.33,26.16,13.45,10.52,22086.2
Kabupaten Tuban,Juli 2020,5727.0,45.5,69.65,26.41,15.59,10.75,27552.03
Kabupaten Tuban,Agustus 2020,7264.0,48.4,67.48,27.06,17.4,10.83,34942.52
Kabupaten Tuban,September 2020,5416.0,43.5,64.63,27.96,17.05,10.91,36898.93
Kabupaten Tuban,Oktober 2020,9109.0,237.2,75.84,26.83,15.11,9.7,62061.8
Kabupaten Tuban,November 2020,2830.0,325.9,83.9,26.21,12.26,8.85,19282.1
Kabupaten Tuban,Desember 2020,513.0,487.5,88.9,25.11,14.91,7.17,3494.38
Kabupaten Tuban,Januari 2021,4783.0,480.9,91.23,24.65,13.85,6.17,26280.91
Kabupaten Tuban,Februari 2021,5346.0,346.9,91.11,24.66,17.31,7.24,29371.56
Kabupaten Tuban,Maret 2021,21391.0,346.0,89.0,25.22,12.87,9.45,117522.51
Kabupaten Tuban,April 2021,18593.0,163.9,84.67,25.78,11.92,10.16,102133.26
Kabupaten Tuban,Mei 2021,3978.0,76.7,79.77,26.71,12.65,10.9,18699.85
Kabupaten Tuban,Juni 2021,3782.0,192.4,84.53,25.93,12.69,10.07,17777.26
Kabupaten Tuban,Juli 2021,8620.0,11.9,69.61,26.59,14.96,10.61,40517.56
Kabupaten Tuban,Agustus 2021,3854.0,33.8,67.94,27.18,16.73,10.89,18113.74
Kabupaten Tuban,September 2021,5835.0,72.0,69.53,27.18,16.38,10.7,39225.7
Kabupaten Tuban,Oktober 2021,9493.0,126.2,71.61,27.31,14.61,10.9,63817.05
Kabupaten Tuban,November 2021,1863.0,525.6,88.47,25.2,12.02,6.97,12523.29
Kabupaten Tuban,Desember 2021,511.0,456.8,88.71,25.31,13.6,8.38,3435.93
Kabupaten Tuban,Januari 2022,5500.11,297.4,88.03,24.92,16.36,7.86,31883.19
Kabupaten Tuban,Februari 2022,6434.16,400.2,89.96,24.8,15.46,7.8,37297.72
Kabupaten Tuban,Maret 2022,26323.84,432.3,89.23,25.18,13.73,8.53,152502.65
Kabupaten Tuban,April 2022,11951.43,383.1,87.9,25.37,11.7,9.29,69187.04
Kabupaten Tuban,Mei 2022,2788.4,244.9,87.61,25.67,12.24,9.3,14111.89
Kabupaten Tuban,Juni 2022,2690.36,172.7,84.57,25.22,12.43,9.81,13615.72
Kabupaten Tuban,Juli 2022,8510.46,65.6,77.61,25.57,14.51,10.52,43070.89
Kabupaten Tuban,Agustus 2022,3555.16,76.5,71.68,26.39,15.86,10.82,17992.41
Kabupaten Tuban,September 2022,6944.71,92.9,72.17,26.87,14.62,10.49,47241.93
Kabupaten Tuban,Oktober 2022,6901.04,349.1,83.52,25.42,13.57,8.68,46944.86
Kabupaten Tuban,November 2022,2892.43,419.3,88.43,25.11,11.82,7.64,19675.98
Kabupaten Tuban,Desember 2022,795.92,374.6,87.71,24.98,15.62,7.92,5414.31
Kabupaten Tuban,Januari 2023,5581.41,259.3,87.1,25.0,16.43,8.78,32714.42
Kabupaten Tuban,Februari 2023,10312.2,388.0,89.36,24.65,18.37,6.13,60401.05
Kabupaten Tuban,Maret 2023,28044.52,419.1,88.32,25.08,12.37,9.3,164251.75
Kabupaten Tuban,April 2023,4398.16,298.8,87.47,25.54,11.22,9.32,25735.29
Kabupaten Tuban,Mei 2023,3649.79,90.0,79.68,25.96,13.39,10.36,19460.59
Kabupaten Tuban,Juni 2023,7823.93,36.9,74.03,26.7,13.52,10.88,41717.0
Kabupaten Tuban,Juli 2023,6332.05,33.5,70.19,26.05,16.75,10.57,33755.08
Kabupaten Tuban,Agustus 2023,2818.16,6.2,67.45,26.36,16.78,10.97,15026.36
Kabupaten Tuban,September 2023,6871.58,13.1,63.57,26.92,17.58,11.03,49276.16
Kabupaten Tuban,Oktober 2023,6597.74,27.2,66.13,28.34,17.48,11.36,47312.45
Kabupaten Tuban,November 2023,1349.27,208.8,75.13,27.65,13.87,11.0,9675.63
Kabupaten Tuban,Desember 2023,336.82,272.7,81.06,26.44,12.64,9.82,2415.34
Kabupaten Tuban,Januari 2024,7198.12,426.6,88.71,25.54,14.6,8.27,45786.79
Kabupaten Tuban,Februari 2024,7556.7,444.6,89.86,25.58,13.1,8.62,48067.7
Kabupaten Tuban,Maret 2024,8425.78,338.6,88.39,25.82,14.95,8.55,53556.32
Kabupaten Tuban,April 2024,16679.84,400.0,88.73,26.08,12.04,9.17,106059.88
Kabupaten Tuban,Mei 2024,11109.07,58.8,79.06,26.83,12.94,10.9,57927.6
Kabupaten Tuban,Juni 2024,5072.7,82.9,78.9,26.3,13.42,10.79,26444.97
Kabupaten Tuban,Juli 2024,6577.89,30.9,71.0,26.15,14.57,10.51,34307.09
Kabupaten Tuban,Agustus 2024,3748.72,8.1,65.81,26.56,16.24,10.84,19551.51
Kabupaten Tuban,September 2024,7940.75,96.7,68.17,27.38,15.18,10.89,58462.63
Kabupaten Tuban,Oktober 2024,7455.43,108.5,69.0,27.8,15.19,11.26,54889.52
Kabupaten Tuban,November 2024,1771.56,514.5,85.8,26.11,13.21,9.48,13042.83
Kabupaten Tuban,Desember 2024,675.14,549.9,90.45,25.35,14.47,6.82,4970.65
Kabupaten Lamongan,Januari 2018,1385.0,285.5,86.58,26.1,14.78,6.99,9068.71
Kabupaten Lamongan,Februari 2018,23129.0,338.1,88.36,25.68,14.1,7.32,151407.53
Kabupaten Lamongan,Maret 2018,30824.0,272.1,86.1,26.39,12.4,9.37,201693.85
Kabupaten Lamongan,April 2018,8184.0,101.7,83.7,27.09,11.83,10.8,53572.68
Kabupaten Lamongan,Mei 2018,13213.0,19.1,71.26,28.19,14.82,10.87,75277.47
Kabupaten Lamongan,Juni 2018,18685.0,27.7,69.23,28.04,16.58,10.81,106307.88
Kabupaten Lamongan,Juli 2018,8652.0,4.7,61.68,27.8,18.81,10.7,49252.29
Kabupaten Lamongan,Agustus 2018,16203.0,5.8,60.06,27.78,18.85,10.94,92273.37
Kabupaten Lamongan,September 2018,20726.0,7.5,58.4,28.75,20.77,10.99,133463.79
Kabupaten Lamongan,Oktober 2018,2254.0,12.8,59.13,29.72,17.65,11.28,14511.79
Kabupaten Lamongan,November 2018,690.0,191.3,76.2,28.16,14.12,9.98,4441.35
Kabupaten Lamongan,Desember 2018,836.0,301.2,84.03,26.88,14.16,8.24,5382.2
Kabupaten Lamongan,Januari 2019,3073.0,466.4,88.94,26.17,14.71,7.55,18379.62
Kabupaten Lamongan,Februari 2019,9075.0,232.4,88.25,26.48,12.37,9.0,54279.39
Kabupaten Lamongan,Maret 2019,29694.0,346.8,87.71,26.31,13.19,7.86,177487.12
Kabupaten Lamongan,April 2019,21653.0,232.6,86.33,26.96,11.53,9.69,129375.8
Kabupaten Lamongan,Mei 2019,5360.0,50.0,75.58,27.68,12.36,10.86,30154.6
Kabupaten Lamongan,Juni 2019,21491.0,12.6,65.13,27.91,16.87,10.87,121092.47
Kabupaten Lamongan,Juli 2019,12940.0,10.2,64.13,27.44,20.16,10.81,72815.97
Kabupaten Lamongan,Agustus 2019,16634.0,6.1,61.32,27.73,20.22,10.95,93795.49
Kabupaten Lamongan,September 2019,14583.0,2.9,60.77,28.29,21.64,10.97,101043.67
Kabupaten Lamongan,Oktober 2019,4199.0,8.1,58.1,29.85,19.83,11.37,29095.4
Kabupaten Lamongan,November 2019,1350.0,74.0,65.4,29.72,14.74,11.37,9353.87
Kabupaten Lamongan,Desember 2019,411.0,287.3,80.87,27.93,13.28,9.84,2851.03
Kabupaten Lamongan,Januari 2020,333.0,378.5,86.77,26.85,14.32,8.79,2079.32
Kabupaten Lamongan,Februari 2020,2676.0,398.1,89.17,26.49,13.1,7.89,16730.65
Kabupaten Lamongan,Maret 2020,26873.0,295.1,88.9,26.81,11.97,8.77,167716.11
Kabupaten Lamongan,April 2020,28882.0,310.1,87.6,26.98,11.18,9.0,180318.87
Kabupaten Lamongan,Mei 2020,8313.0,133.9,83.39,27.59,12.33,9.91,44788.12
Kabupaten Lamongan,Juni 2020,12092.0,24.7,75.13,27.33,13.49,10.54,65078.01
Kabupaten Lamongan,Juli 2020,16057.0,16.7,66.26,27.82,18.22,10.72,86458.58
Kabupaten Lamongan,Agustus 2020,28751.0,23.7,64.58,28.35,19.78,10.78,155030.4
Kabupaten Lamongan,September 2020,14188.0,17.8,61.63,29.38,21.02,10.97,99009.44
Kabupaten Lamongan,Oktober 2020,8403.0,200.0,72.81,28.28,15.6,9.58,58638.27
Kabupaten Lamongan,November 2020,1285.0,202.2,78.23,27.96,13.31,9.11,8964.89
Kabupaten Lamongan,Desember 2020,179.0,426.6,86.71,26.26,14.09,7.23,1248.33
Kabupaten Lamongan,Januari 2021,355.0,481.3,89.87,25.71,13.28,5.96,2132.47
Kabupaten Lamongan,Februari 2021,6472.0,309.8,89.61,25.75,16.62,7.4,38919.57
Kabupaten Lamongan,Maret 2021,40194.0,338.0,88.29,26.26,12.08,9.44,241442.22
Kabupaten Lamongan,April 2021,14497.0,175.9,83.73,26.87,11.1,9.94,86994.09
Kabupaten Lamongan,Mei 2021,3468.0,56.6,76.84,28.02,13.95,10.77,18362.12
Kabupaten Lamongan,Juni 2021,21024.0,142.6,81.37,27.31,13.36,10.36,111250.47
Kabupaten Lamongan,Juli 2021,18194.0,7.2,65.81,28.03,17.0,10.5,96313.56
Kabupaten Lamongan,Agustus 2021,16568.0,20.4,65.35,28.49,18.98,10.86,87711.58
Kabupaten Lamongan,September 2021,13512.0,46.8,66.13,28.64,18.14,10.38,83737.99
Kabupaten Lamongan,Oktober 2021,2238.0,87.4,66.74,28.97,15.9,10.72,13852.22
Kabupaten Lamongan,November 2021,1432.0,512.8,86.83,26.37,13.53,7.24,8874.96
Kabupaten Lamongan,Desember 2021,496.0,411.1,87.39,26.34,13.26,7.83,3070.84
Kabupaten Lamongan,Januari 2022,791.8,330.9,87.52,25.88,15.54,8.11,5039.56
Kabupaten Lamongan,Februari 2022,18455.52,522.8,89.96,25.56,14.15,7.43,117228.39
Kabupaten Lamongan,Maret 2022,39721.19,437.5,88.35,26.16,13.38,8.52,252152.07
Kabupaten Lamongan,April 2022,4668.93,274.4,85.57,26.63,11.73,9.47,29708.78
Kabupaten Lamongan,Mei 2022,6150.72,213.2,86.45,26.76,12.38,9.16,34231.15
Kabupaten Lamongan,Juni 2022,24522.35,129.0,83.23,26.35,12.89,9.61,136533.66
Kabupaten Lamongan,Juli 2022,16275.95,60.0,73.45,27.05,14.65,10.53,90623.69
Kabupaten Lamongan,Agustus 2022,13591.04,43.9,69.06,27.77,17.08,10.84,75716.25
Kabupaten Lamongan,September 2022,10242.27,48.3,67.87,28.45,17.31,10.52,62340.06
Kabupaten Lamongan,Oktober 2022,9540.13,307.6,81.61,26.5,14.1,8.59,58046.74
Kabupaten Lamongan,November 2022,6035.65,367.2,86.97,26.18,12.47,7.26,36736.27
Kabupaten Lamongan,Desember 2022,907.85,319.9,86.1,26.09,15.06,7.67,5525.67
Kabupaten Lamongan,Januari 2023,2551.79,354.8,86.42,26.03,14.43,8.82,15162.11
Kabupaten Lamongan,Februari 2023,28366.08,443.9,89.0,25.61,17.39,6.37,168447.67
Kabupaten Lamongan,Maret 2023,27446.56,417.0,87.61,26.12,12.98,9.13,162628.39
Kabupaten Lamongan,April 2023,3985.55,245.6,85.77,26.65,11.68,9.01,23649.89
Kabupaten Lamongan,Mei 2023,11569.27,95.7,77.52,27.17,11.75,10.21,60610.06
Kabupaten Lamongan,Juni 2023,22716.89,35.3,71.43,28.03,14.08,10.75,119010.87
Kabupaten Lamongan,Juli 2023,11037.41,38.6,70.26,27.05,14.22,10.58,57823.47
Kabupaten Lamongan,Agustus 2023,13618.23,2.6,64.71,27.7,16.63,10.95,71339.66
Kabupaten Lamongan,September 2023,15043.89,68.6,61.03,28.44,18.31,11.02,98069.64
Kabupaten Lamongan,Oktober 2023,2130.04,11.0,61.42,29.93,18.14,11.41,13885.52
Kabupaten Lamongan,November 2023,594.83,139.2,72.27,29.08,13.8,10.84,3877.64
Kabupaten Lamongan,Desember 2023,644.27,230.2,78.23,27.88,13.77,9.77,4199.93
Kabupaten Lamongan,Januari 2024,643.27,372.7,86.42,26.79,14.22,8.16,3983.57
Kabupaten Lamongan,Februari 2024,1192.74,445.4,89.24,26.65,12.6,8.62,7386.26
Kabupaten Lamongan,Maret 2024,28819.97,383.0,87.97,26.86,14.2,8.23,178246.94
Kabupaten Lamongan,April 2024,27996.74,312.3,87.9,27.17,11.32,8.69,172955.82
Kabupaten Lamongan,Mei 2024,5997.73,27.6,76.61,28.19,12.23,10.91,32427.6
Kabupaten Lamongan,Juni 2024,12835.97,63.4,77.4,27.5,12.92,10.74,69402.94
Kabupaten Lamongan,Juli 2024,15400.08,18.7,68.68,27.46,14.96,10.57,83230.6
Kabupaten Lamongan,Agustus 2024,16666.98,7.3,62.61,28.25,16.56,10.85,90118.22
Kabupaten Lamongan,September 2024,16950.48,64.3,65.1,28.92,15.64,10.78,111204.45
Kabupaten Lamongan,Oktober 2024,3326.39,74.6,64.9,29.49,17.18,11.25,21822.91
Kabupaten Lamongan,November 2024,228.27,357.8,82.7,27.54,13.38,9.28,1497.6
Kabupaten Lamongan,Desember 2024,611.8,604.8,88.13,26.53,14.56,6.92,4013.75
Kabupaten Gresik,Januari 2018,449.0,289.7,85.06,26.57,16.48,7.61,2781.16
Kabupaten Gresik,Februari 2018,16598.0,279.3,86.07,26.18,16.49,8.05,102755.27
Kabupaten Gresik,Maret 2018,9352.0,232.4,84.77,26.84,12.78,9.61,57899.01
Kabupaten Gresik,April 2018,2512.0,83.0,82.73,27.62,13.36,10.74,15551.44
Kabupaten Gresik,Mei 2018,9883.0,16.0,73.61,28.3,16.56,10.82,57103.19
Kabupaten Gresik,Juni 2018,7680.0,19.6,71.7,28.03,19.09,10.83,44377.02
Kabupaten Gresik,Juli 2018,3594.0,0.9,65.03,27.55,21.31,10.89,20766.06
Kabupaten Gresik,Agustus 2018,1793.0,1.3,62.9,27.45,20.82,10.97,10361.25
Kabupaten Gresik,September 2018,2663.0,1.5,60.87,28.52,23.08,11.03,18230.62
Kabupaten Gresik,Oktober 2018,1704.0,4.0,62.94,29.39,20.0,11.39,11663.03
Kabupaten Gresik,November 2018,926.0,122.4,74.87,28.61,14.47,10.26,6336.64
Kabupaten Gresik,Desember 2018,566.0,180.6,81.81,27.44,13.75,8.66,351702.39
Kabupaten Gresik,Januari 2019,1069.0,345.6,86.35,26.69,16.21,8.01,6321.88
Kabupaten Gresik,Februari 2019,4308.0,197.7,86.61,26.9,12.51,9.21,25468.78
Kabupaten Gresik,Maret 2019,21149.0,324.3,86.23,26.76,13.76,8.3,125024.39
Kabupaten Gresik,April 2019,2345.0,155.8,84.8,27.42,12.41,9.88,13865.17
Kabupaten Gresik,Mei 2019,2836.0,18.5,76.84,27.88,14.97,10.84,16753.4
Kabupaten Gresik,Juni 2019,13631.0,1.4,69.0,27.73,17.98,10.95,80513.07
Kabupaten Gresik,Juli 2019,6908.0,4.9,66.45,27.29,21.28,10.85,40806.57
Kabupaten Gresik,Agustus 2019,2416.0,2.8,62.9,27.61,22.54,10.99,14270.22
Kabupaten Gresik,September 2019,2203.0,1.5,61.77,28.25,23.28,11.04,14105.22
Kabupaten Gresik,Oktober 2019,1952.0,2.0,60.68,29.6,23.07,11.41,12496.56
Kabupaten Gresik,November 2019,2225.0,37.9,69.07,29.51,17.41,11.5,14245.9
Kabupaten Gresik,Desember 2019,601.0,150.5,78.16,28.4,14.84,9.99,3846.5
Kabupaten Gresik,Januari 2020,1026.0,267.2,83.52,27.41,15.73,9.07,6451.09
Kabupaten Gresik,Februari 2020,5354.0,335.8,86.72,26.92,14.88,8.46,33654.14
Kabupaten Gresik,Maret 2020,17546.0,223.8,86.13,27.28,13.23,9.22,110293.75
Kabupaten Gresik,April 2020,10094.0,187.2,84.27,27.64,12.18,9.18,63451.68
Kabupaten Gresik,Mei 2020,1020.0,103.1,80.68,28.24,14.68,9.85,6057.83
Kabupaten Gresik,Juni 2020,5171.0,21.9,73.0,27.98,16.95,10.56,30704.71
Kabupaten Gresik,Juli 2020,15227.0,8.4,66.03,28.19,20.5,10.79,90408.2
Kabupaten Gresik,Agustus 2020,3575.0,21.6,65.13,28.48,22.52,10.85,21227.7
Kabupaten Gresik,September 2020,3299.0,5.6,61.83,29.5,22.6,11.05,18754.71
Kabupaten Gresik,Oktober 2020,2356.0,113.4,70.71,28.8,18.54,10.1,13395.53
Kabupaten Gresik,November 2020,2295.0,178.5,77.33,28.35,15.46,9.46,13048.93
Kabupaten Gresik,Desember 2020,47.0,413.6,84.55,26.75,15.5,7.39,268.36
Kabupaten Gresik,Januari 2021,409.0,393.5,87.16,26.25,15.54,6.39,2514.4
Kabupaten Gresik,Februari 2021,6285.0,300.0,87.32,26.24,18.72,8.22,38615.05
Kabupaten Gresik,Maret 2021,20837.0,267.8,86.45,26.68,13.18,9.64,128026.32
Kabupaten Gresik,April 2021,3853.0,132.2,81.67,27.35,12.67,10.02,23672.07
Kabupaten Gresik,Mei 2021,876.0,42.3,76.0,28.39,15.87,10.78,5377.67
Kabupaten Gresik,Juni 2021,15578.0,112.1,80.77,27.62,14.84,10.28,95596.82
Kabupaten Gresik,Juli 2021,6055.0,6.4,67.55,28.08,19.44,10.66,37155.99
Kabupaten Gresik,Agustus 2021,2002.0,7.7,65.71,28.66,21.87,10.96,12286.86
Kabupaten Gresik,September 2021,533.0,40.3,66.67,28.78,21.12,10.35,3529.16
Kabupaten Gresik,Oktober 2021,3105.0,81.9,69.0,28.97,17.56,10.95,20564.27
Kabupaten Gresik,November 2021,1541.0,352.1,85.0,26.81,12.64,7.55,10208.79
Kabupaten Gresik,Desember 2021,320.0,311.5,85.23,26.82,14.35,8.1,2118.79
Kabupaten Gresik,Januari 2022,95.22,303.3,85.81,26.3,17.4,8.54,618.63
Kabupaten Gresik,Februari 2022,15729.75,377.3,87.32,26.08,15.63,7.81,102194.51
Kabupaten Gresik,Maret 2022,13961.09,347.7,86.48,26.61,14.62,9.01,90703.72
Kabupaten Gresik,April 2022,2149.54,134.6,83.27,27.25,12.83,9.83,13965.33
Kabupaten Gresik,Mei 2022,2180.74,169.9,83.71,27.4,14.73,9.22,14177.11
Kabupaten Gresik,Juni 2022,16543.66,102.4,82.33,26.87,13.79,10.01,107551.27
Kabupaten Gresik,Juli 2022,4256.08,42.6,73.55,27.42,17.55,10.54,27669.02
Kabupaten Gresik,Agustus 2022,2254.27,33.2,68.9,28.07,19.25,10.81,14655.14
Kabupaten Gresik,September 2022,1053.19,33.6,67.3,28.82,19.52,10.67,6836.77
Kabupaten Gresik,Oktober 2022,3522.05,213.6,81.16,26.87,12.44,8.78,22863.35
Kabupaten Gresik,November 2022,1279.25,263.2,84.8,26.67,13.0,7.67,8304.24
Kabupaten Gresik,Desember 2022,262.36,311.4,83.84,26.62,15.7,7.82,1703.11
Kabupaten Gresik,Januari 2023,1076.17,296.7,84.65,26.47,16.46,9.19,6821.87
Kabupaten Gresik,Februari 2023,20347.69,380.1,86.96,26.09,19.97,6.88,128984.62
Kabupaten Gresik,Maret 2023,8705.56,321.6,85.74,26.56,14.15,9.33,55184.81
Kabupaten Gresik,April 2023,1267.81,229.8,84.93,27.03,12.51,8.98,8036.69
Kabupaten Gresik,Mei 2023,7467.96,47.9,76.42,27.81,14.01,10.2,46894.66
Kabupaten Gresik,Juni 2023,14023.63,17.1,70.8,28.47,15.86,10.91,88060.65
Kabupaten Gresik,Juli 2023,2812.82,27.6,67.61,27.79,15.4,10.69,17662.96
Kabupaten Gresik,Agustus 2023,2686.9,0.4,63.23,28.11,18.99,10.99,16872.25
Kabupaten Gresik,September 2023,3366.15,3.4,59.83,28.83,20.04,11.06,21069.51
Kabupaten Gresik,Oktober 2023,3202.02,6.3,59.74,30.44,20.91,11.44,20042.18
Kabupaten Gresik,November 2023,1207.14,90.1,69.8,29.72,16.4,10.91,7555.77
Kabupaten Gresik,Desember 2023,38.76,212.8,75.9,28.54,13.66,10.1,242.61
Kabupaten Gresik,Januari 2024,119.91,350.8,82.94,27.43,15.42,8.74,744.29
Kabupaten Gresik,Februari 2024,1278.44,400.1,85.9,27.22,12.71,8.9,7935.33
Kabupaten Gresik,Maret 2024,13442.5,251.7,83.87,27.55,14.6,8.4,83438.12
Kabupaten Gresik,April 2024,13533.63,187.9,82.73,28.06,13.33,8.94,84003.77
Kabupaten Gresik,Mei 2024,3035.84,13.4,70.94,29.31,14.71,10.94,17876.62
Kabupaten Gresik,Juni 2024,5261.39,57.2,70.97,28.66,15.43,10.81,30981.83
Kabupaten Gresik,Juli 2024,6462.98,6.8,65.23,28.19,17.29,10.67,38057.42
Kabupaten Gresik,Agustus 2024,1954.62,2.0,60.71,28.77,18.98,10.95,11509.83
Kabupaten Gresik,September 2024,2775.37,29.6,63.43,29.47,18.59,10.9,16839.0
Kabupaten Gresik,Oktober 2024,3851.87,52.1,62.81,30.12,16.83,11.25,23370.4
Kabupaten Gresik,November 2024,2214.63,214.8,79.03,28.26,14.29,10.02,13436.79
Kabupaten Gresik,Desember 2024,126.27,519.9,86.68,26.86,13.82,7.17,766.13
Kabupaten Bangkalan,Januari 2018,785.0,346.6,87.84,25.74,16.24,7.02,4739.48
Kabupaten Bangkalan,Februari 2018,7716.0,309.5,88.25,25.5,15.26,8.1,46564.49
Kabupaten Bangkalan,Maret 2018,11434.0,341.1,87.65,25.92,10.72,9.14,68927.85
Kabupaten Bangkalan,April 2018,4477.0,118.7,84.23,26.61,11.16,10.67,27021.81
Kabupaten Bangkalan,Mei 2018,2218.0,41.1,75.65,27.32,14.02,10.82,12847.5
Kabupaten Bangkalan,Juni 2018,4760.0,26.4,74.73,27.09,14.86,10.59,27605.63
Kabupaten Bangkalan,Juli 2018,6435.0,4.3,67.81,26.88,18.13,10.92,37426.82
Kabupaten Bangkalan,Agustus 2018,1811.0,3.7,65.61,26.95,18.37,10.95,10502.98
Kabupaten Bangkalan,September 2018,1249.0,4.3,62.83,28.06,18.11,10.96,7624.38
Kabupaten Bangkalan,Oktober 2018,74.0,16.5,63.71,28.97,16.38,11.41,450.79
Kabupaten Bangkalan,November 2018,0.0,224.6,78.97,27.66,12.19,9.89,18703.848421052633
Kabupaten Bangkalan,Desember 2018,0.0,272.5,86.29,26.43,12.18,7.96,18703.848421052633
Kabupaten Bangkalan,Januari 2019,148.0,368.4,89.35,25.87,15.28,7.4,746.65
Kabupaten Bangkalan,Februari 2019,1521.0,272.6,89.29,26.03,10.76,9.01,7657.79
Kabupaten Bangkalan,Maret 2019,12682.0,389.4,89.48,25.88,11.93,7.86,63895.8
Kabupaten Bangkalan,April 2019,9797.0,231.9,87.97,26.46,10.17,9.13,49343.02
Kabupaten Bangkalan,Mei 2019,1070.0,30.1,78.55,27.15,13.47,10.91,5353.23
Kabupaten Bangkalan,Juni 2019,2621.0,11.5,72.33,27.03,16.22,10.83,13094.25
Kabupaten Bangkalan,Juli 2019,7803.0,17.4,68.23,26.66,17.9,10.72,39003.24
Kabupaten Bangkalan,Agustus 2019,3035.0,2.0,65.42,27.02,19.68,11.0,15146.86
Kabupaten Bangkalan,September 2019,28.0,3.9,63.53,27.78,17.81,11.09,175.53
Kabupaten Bangkalan,Oktober 2019,192.0,4.9,60.29,29.29,17.31,11.46,1202.03
Kabupaten Bangkalan,November 2019,683.0,55.2,68.57,29.12,12.48,11.35,4281.5
Kabupaten Bangkalan,Desember 2019,274.0,303.4,84.42,27.28,10.66,9.46,1720.1
Kabupaten Bangkalan,Januari 2020,84.0,333.2,87.58,26.52,13.25,8.58,450.34
Kabupaten Bangkalan,Februari 2020,454.0,323.1,89.31,26.16,13.67,8.17,2437.42
Kabupaten Bangkalan,Maret 2020,4120.0,320.2,89.13,26.46,11.0,8.57,22119.61
Kabupaten Bangkalan,April 2020,14716.0,366.2,88.9,26.36,9.92,8.52,79013.4
Kabupaten Bangkalan,Mei 2020,3364.0,178.7,85.48,26.96,12.36,9.33,14266.47
Kabupaten Bangkalan,Juni 2020,2953.0,33.2,78.1,26.75,14.52,10.55,12519.43
Kabupaten Bangkalan,Juli 2020,5623.0,24.2,71.55,27.0,17.21,10.79,23824.46
Kabupaten Bangkalan,Agustus 2020,6795.0,48.2,69.77,27.49,17.72,10.68,28797.02
Kabupaten Bangkalan,September 2020,2855.0,18.1,65.47,28.72,17.92,11.07,11475.66
Kabupaten Bangkalan,Oktober 2020,1819.0,207.8,73.45,28.07,15.11,9.75,7309.78
Kabupaten Bangkalan,November 2020,1155.0,283.3,82.43,27.16,11.43,9.22,4642.08
Kabupaten Bangkalan,Desember 2020,109.0,418.5,88.65,25.8,13.62,7.03,439.22
Kabupaten Bangkalan,Januari 2021,745.0,452.2,90.77,25.4,13.88,5.96,3544.14
Kabupaten Bangkalan,Februari 2021,4120.0,283.3,89.29,25.6,18.36,8.38,19609.59
Kabupaten Bangkalan,Maret 2021,17668.0,265.9,88.84,25.85,11.56,8.99,84099.46
Kabupaten Bangkalan,April 2021,3544.0,135.1,83.6,26.5,11.8,9.76,16866.14
Kabupaten Bangkalan,Mei 2021,1087.0,60.9,79.45,27.24,12.63,10.68,4767.71
Kabupaten Bangkalan,Juni 2021,5200.0,174.5,84.43,26.38,11.67,9.88,22824.7
Kabupaten Bangkalan,Juli 2021,5654.0,17.7,73.52,26.65,15.31,10.5,24811.71
Kabupaten Bangkalan,Agustus 2021,964.0,21.3,69.0,27.83,17.95,10.95,4226.72
Kabupaten Bangkalan,September 2021,999.0,87.2,70.6,27.83,17.09,10.1,4650.43
Kabupaten Bangkalan,Oktober 2021,1595.0,128.0,72.52,28.21,14.45,10.71,7429.14
Kabupaten Bangkalan,November 2021,536.0,493.0,88.67,25.86,9.8,6.81,2493.55
Kabupaten Bangkalan,Desember 2021,0.0,401.5,87.97,26.1,12.25,7.57,18703.848421052633
Kabupaten Bangkalan,Januari 2022,311.97,292.0,87.84,25.61,16.28,8.41,1539.38
Kabupaten Bangkalan,Februari 2022,5174.01,447.0,89.39,25.38,14.82,7.32,25496.13
Kabupaten Bangkalan,Maret 2022,17243.08,417.6,88.97,25.85,12.67,8.51,85040.0
Kabupaten Bangkalan,April 2022,2536.59,285.5,86.67,26.2,9.87,9.01,12486.32
Kabupaten Bangkalan,Mei 2022,972.29,286.4,88.0,26.22,11.39,8.81,4600.06
Kabupaten Bangkalan,Juni 2022,5541.88,199.7,84.83,25.9,13.18,9.63,26236.55
Kabupaten Bangkalan,Juli 2022,4920.67,74.0,77.55,26.22,15.72,10.35,23280.48
Kabupaten Bangkalan,Agustus 2022,2055.81,52.1,72.97,26.98,15.77,10.73,9726.37
Kabupaten Bangkalan,September 2022,752.36,92.2,74.33,27.36,14.58,10.47,3727.23
Kabupaten Bangkalan,Oktober 2022,1041.18,270.9,84.23,26.3,11.66,8.51,5158.06
Kabupaten Bangkalan,November 2022,167.97,381.9,88.37,25.74,10.03,6.88,832.13
Kabupaten Bangkalan,Desember 2022,0.0,298.8,86.9,25.81,13.72,7.31,18703.848421052633
Kabupaten Bangkalan,Januari 2023,485.8,266.3,86.74,25.78,15.14,8.85,2459.47
Kabupaten Bangkalan,Februari 2023,9782.45,300.8,88.18,25.54,19.07,7.37,49493.78
Kabupaten Bangkalan,Maret 2023,13003.14,401.2,88.06,25.76,11.27,8.95,65721.06
Kabupaten Bangkalan,April 2023,1569.67,318.5,87.93,26.06,10.95,8.43,7946.81
Kabupaten Bangkalan,Mei 2023,1261.26,94.6,80.1,26.67,14.14,9.92,5804.55
Kabupaten Bangkalan,Juni 2023,6571.02,19.0,74.53,27.36,14.02,10.92,30161.47
Kabupaten Bangkalan,Juli 2023,3541.51,32.3,71.06,26.92,16.92,10.57,16252.19
Kabupaten Bangkalan,Agustus 2023,1495.75,2.0,66.84,27.16,17.25,11.0,6864.08
Kabupaten Bangkalan,September 2023,301.22,3.4,63.2,27.87,18.16,11.08,1554.55
Kabupaten Bangkalan,Oktober 2023,0.0,9.5,64.1,29.36,16.13,11.51,18703.848421052633
Kabupaten Bangkalan,November 2023,0.0,135.2,75.33,28.57,11.99,10.69,18703.848421052633
Kabupaten Bangkalan,Desember 2023,0.0,249.9,82.9,27.23,11.52,9.92,18703.848421052633
Kabupaten Bangkalan,Januari 2024,0.0,340.3,86.71,26.52,13.48,8.22,18703.848421052633
Kabupaten Bangkalan,Februari 2024,377.65,368.3,88.83,26.4,12.38,8.26,1830.8
Kabupaten Bangkalan,Maret 2024,11376.25,294.7,87.03,26.62,15.16,7.83,55150.77
Kabupaten Bangkalan,April 2024,10829.68,284.2,88.07,26.88,11.28,8.5,52497.07
Kabupaten Bangkalan,Mei 2024,2085.39,29.8,77.48,27.95,13.6,10.88,9712.89
Kabupaten Bangkalan,Juni 2024,1064.92,58.3,77.5,27.16,13.62,10.65,4959.96
Kabupaten Bangkalan,Juli 2024,6867.51,13.0,69.68,27.21,15.85,10.54,31986.05
Kabupaten Bangkalan,Agustus 2024,4424.24,4.2,66.0,27.62,17.69,10.89,20606.3
Kabupaten Bangkalan,September 2024,995.11,40.3,66.93,28.48,15.46,10.95,4886.42
Kabupaten Bangkalan,Oktober 2024,707.36,52.8,66.45,29.22,14.95,11.31,3473.43
Kabupaten Bangkalan,November 2024,161.66,374.6,86.07,26.85,11.25,9.14,793.82
Kabupaten Bangkalan,Desember 2024,664.79,469.0,90.45,25.96,14.45,6.63,3264.39
Kabupaten Sampang,Januari 2018,308.0,375.5,88.06,25.7,14.82,6.88,1677.43
Kabupaten Sampang,Februari 2018,9385.0,375.9,88.07,25.55,14.65,8.15,47869.41
Kabupaten Sampang,Maret 2018,13073.0,440.6,87.9,25.83,10.84,9.15,69272.52
Kabupaten Sampang,April 2018,1682.0,130.3,84.33,26.59,10.88,10.67,9095.91
Kabupaten Sampang,Mei 2018,3514.0,52.8,75.71,27.38,14.27,10.76,15709.58
Kabupaten Sampang,Juni 2018,6499.0,25.1,74.53,27.13,13.91,10.69,29482.47
Kabupaten Sampang,Juli 2018,1370.0,4.7,68.94,26.84,16.02,10.91,6267.93
Kabupaten Sampang,Agustus 2018,1098.0,4.9,66.84,26.91,17.2,10.99,4965.09
Kabupaten Sampang,September 2018,458.0,4.3,63.2,27.94,17.78,11.11,2795.9
Kabupaten Sampang,Oktober 2018,80.0,13.1,63.84,28.91,16.09,11.49,490.6
Kabupaten Sampang,November 2018,257.0,204.0,78.53,27.68,11.85,10.02,1413.24
Kabupaten Sampang,Desember 2018,0.0,326.9,86.97,26.42,11.44,7.98,19336.718095238088
Kabupaten Sampang,Januari 2019,0.0,447.3,89.74,25.85,14.54,7.53,19336.718095238088
Kabupaten Sampang,Februari 2019,695.0,365.8,90.14,25.88,10.36,9.01,3387.44
Kabupaten Sampang,Maret 2019,18074.0,424.8,90.0,25.78,11.72,7.98,88112.71
Kabupaten Sampang,April 2019,5280.0,304.5,88.17,26.35,10.1,9.67,25704.0
Kabupaten Sampang,Mei 2019,493.0,49.4,78.71,27.09,12.68,10.76,2101.73
Kabupaten Sampang,Juni 2019,5553.0,11.5,72.33,27.05,15.2,10.81,24087.15
Kabupaten Sampang,Juli 2019,2732.0,9.5,70.06,26.48,17.53,10.72,11641.73
Kabupaten Sampang,Agustus 2019,0.0,3.9,66.9,26.88,18.03,10.99,19336.718095238088
Kabupaten Sampang,September 2019,225.0,0.8,64.53,27.67,18.74,11.1,1184.76
Kabupaten Sampang,Oktober 2019,0.0,3.5,61.13,29.2,17.51,11.51,19336.718095238088
Kabupaten Sampang,November 2019,0.0,97.3,68.13,29.18,12.96,11.52,19336.718095238088
Kabupaten Sampang,Desember 2019,0.0,350.5,85.48,27.17,10.88,9.43,19336.718095238088
Kabupaten Sampang,Januari 2020,0.0,357.9,87.23,26.61,13.04,8.79,19336.718095238088
Kabupaten Sampang,Februari 2020,523.0,501.0,90.03,26.07,12.42,8.18,2596.82
Kabupaten Sampang,Maret 2020,13029.0,388.1,90.19,26.31,11.05,8.36,64948.52
Kabupaten Sampang,April 2020,10064.0,322.6,89.67,26.28,9.81,8.88,50066.99
Kabupaten Sampang,Mei 2020,3022.0,173.6,85.61,26.94,12.28,9.63,15892.86
Kabupaten Sampang,Juni 2020,2340.0,23.5,78.6,26.63,13.93,10.63,12672.04
Kabupaten Sampang,Juli 2020,4813.0,31.3,72.68,26.85,16.05,10.94,24700.4
Kabupaten Sampang,Agustus 2020,2875.0,32.5,70.55,27.35,16.64,10.73,14064.04
Kabupaten Sampang,September 2020,380.0,11.7,64.73,28.8,17.87,11.1,2292.72
Kabupaten Sampang,Oktober 2020,624.0,169.9,73.55,28.14,14.67,10.17,3768.22
Kabupaten Sampang,November 2020,121.0,243.7,81.87,27.28,12.22,9.24,732.86
Kabupaten Sampang,Desember 2020,0.0,460.9,89.06,25.72,13.05,6.76,19336.718095238088
Kabupaten Sampang,Januari 2021,29.0,532.7,91.42,25.3,13.24,6.11,160.7
Kabupaten Sampang,Februari 2021,5520.0,369.7,88.79,25.66,17.05,8.49,29316.86
Kabupaten Sampang,Maret 2021,20573.0,456.6,90.0,25.74,10.86,8.78,111563.89
Kabupaten Sampang,April 2021,1502.0,130.3,83.73,26.37,11.33,9.79,8312.15
Kabupaten Sampang,Mei 2021,970.0,53.4,78.9,27.29,12.1,10.74,4476.69
Kabupaten Sampang,Juni 2021,7212.0,162.0,83.63,26.52,11.7,10.31,31491.53
Kabupaten Sampang,Juli 2021,1843.0,16.4,73.16,26.62,14.15,10.34,7764.89
Kabupaten Sampang,Agustus 2021,279.0,17.0,69.32,27.86,16.72,11.0,1174.38
Kabupaten Sampang,September 2021,130.0,65.6,69.4,28.07,16.48,10.72,780.73
Kabupaten Sampang,Oktober 2021,56.0,123.7,72.06,28.25,13.95,10.82,336.47
Kabupaten Sampang,November 2021,37.0,589.6,89.2,25.79,10.41,6.8,222.4
Kabupaten Sampang,Desember 2021,0.0,435.1,88.1,26.04,11.8,7.89,19336.718095238088
Kabupaten Sampang,Januari 2022,0.0,286.7,87.77,25.59,15.65,8.13,19336.718095238088
Kabupaten Sampang,Februari 2022,5340.3,453.2,89.39,25.38,13.97,7.85,26771.2
Kabupaten Sampang,Maret 2022,19626.61,452.2,89.19,25.8,12.54,8.94,97788.76
Kabupaten Sampang,April 2022,366.1,290.8,86.73,26.13,10.72,9.51,1875.45
Kabupaten Sampang,Mei 2022,168.19,284.0,87.71,26.26,11.43,8.84,802.32
Kabupaten Sampang,Juni 2022,8435.77,190.6,85.13,25.94,12.24,9.71,40656.71
Kabupaten Sampang,Juli 2022,821.98,82.7,78.29,26.14,13.56,10.55,3921.12
Kabupaten Sampang,Agustus 2022,0.0,67.6,74.32,26.85,15.45,10.82,19336.718095238088
Kabupaten Sampang,September 2022,0.0,90.2,73.93,27.42,14.43,10.53,19336.718095238088
Kabupaten Sampang,Oktober 2022,121.89,336.6,83.84,26.28,11.87,8.81,678.82
Kabupaten Sampang,November 2022,0.0,451.9,89.07,25.67,10.65,7.31,19336.718095238088
Kabupaten Sampang,Desember 2022,0.0,270.5,86.23,25.93,14.19,7.71,19336.718095238088
Kabupaten Sampang,Januari 2023,40.2,275.9,86.16,25.8,14.16,8.96,200.75
Kabupaten Sampang,Februari 2023,15374.75,330.1,87.93,25.61,18.01,7.56,73829.95
Kabupaten Sampang,Maret 2023,9166.52,370.0,88.45,25.7,11.68,9.3,45340.64
Kabupaten Sampang,April 2023,145.11,342.4,88.27,25.96,10.28,8.7,724.64
Kabupaten Sampang,Mei 2023,981.56,93.9,80.58,26.6,12.35,10.15,4718.94
Kabupaten Sampang,Juni 2023,8835.04,18.5,74.67,27.23,12.86,10.85,41181.52
Kabupaten Sampang,Juli 2023,202.15,48.4,73.42,26.58,16.1,10.58,935.79
Kabupaten Sampang,Agustus 2023,0.0,4.3,68.26,26.9,17.45,11.0,19336.718095238088
Kabupaten Sampang,September 2023,40.17,6.4,64.77,27.64,18.04,11.12,207.31
Kabupaten Sampang,Oktober 2023,10.04,6.7,64.74,29.15,17.21,11.54,51.81
Kabupaten Sampang,November 2023,0.0,140.3,74.4,28.6,12.8,10.81,19336.718095238088
Kabupaten Sampang,Desember 2023,0.0,229.1,82.23,27.25,11.91,9.77,19336.718095238088
Kabupaten Sampang,Januari 2024,0.0,374.1,87.29,26.44,13.53,8.25,19336.718095238088
Kabupaten Sampang,Februari 2024,0.0,415.6,89.97,26.19,12.29,8.49,19336.718095238088
Kabupaten Sampang,Maret 2024,10884.01,356.3,87.39,26.57,14.85,7.86,49859.56
Kabupaten Sampang,April 2024,12401.16,294.3,88.1,26.83,11.43,8.94,57195.21
Kabupaten Sampang,Mei 2024,1569.8,23.4,76.58,28.03,14.02,10.83,6095.92
Kabupaten Sampang,Juni 2024,1927.2,55.0,76.57,27.27,14.48,10.63,7759.73
Kabupaten Sampang,Juli 2024,5377.53,15.0,70.81,26.94,15.81,10.67,21405.52
Kabupaten Sampang,Agustus 2024,848.33,3.4,65.97,27.56,17.36,10.93,3294.27
Kabupaten Sampang,September 2024,0.0,47.2,66.63,28.49,15.46,10.98,19336.718095238088
Kabupaten Sampang,Oktober 2024,0.0,33.8,65.26,29.33,16.28,11.34,19336.718095238088
Kabupaten Sampang,November 2024,60.26,390.2,84.73,26.86,12.44,9.14,318.16
Kabupaten Sampang,Desember 2024,0.64,509.5,89.32,26.01,14.7,6.58,3.38
Kabupaten Pamekasan,Januari 2018,0.0,385.5,89.23,25.27,14.98,6.7,10771.305373134326
Kabupaten Pamekasan,Februari 2018,3052.0,402.2,89.25,25.11,13.68,8.66,15625.1
Kabupaten Pamekasan,Maret 2018,13112.0,358.5,88.68,25.42,10.25,9.67,68750.07
Kabupaten Pamekasan,April 2018,3323.0,117.8,84.5,26.35,10.8,10.82,17610.25
Kabupaten Pamekasan,Mei 2018,143.0,51.3,78.94,26.6,14.38,10.85,630.98
Kabupaten Pamekasan,Juni 2018,962.0,18.9,78.2,26.28,14.05,10.68,4152.94
Kabupaten Pamekasan,Juli 2018,236.0,1.8,73.06,25.86,14.9,10.98,1018.21
Kabupaten Pamekasan,Agustus 2018,343.0,1.4,70.55,25.94,15.84,10.97,1484.05
Kabupaten Pamekasan,September 2018,443.0,5.9,67.83,26.88,16.83,11.03,2685.06
Kabupaten Pamekasan,Oktober 2018,216.0,8.2,67.87,27.95,15.21,11.52,1316.64
Kabupaten Pamekasan,November 2018,148.0,220.2,81.0,27.07,11.25,9.99,906.16
Kabupaten Pamekasan,Desember 2018,0.0,316.1,88.26,25.97,11.38,8.14,10771.305373134326
Kabupaten Pamekasan,Januari 2019,0.0,412.8,90.77,25.43,14.19,7.64,10771.305373134326
Kabupaten Pamekasan,Februari 2019,1136.0,400.3,90.86,25.53,10.16,9.15,5035.1
Kabupaten Pamekasan,Maret 2019,11008.0,489.5,90.81,25.35,11.8,8.27,49671.49
Kabupaten Pamekasan,April 2019,6459.0,354.5,88.5,26.04,10.39,9.46,29404.68
Kabupaten Pamekasan,Mei 2019,238.0,54.7,80.23,26.58,13.45,10.7,1045.14
Kabupaten Pamekasan,Juni 2019,437.0,6.1,76.73,26.11,14.92,10.84,1906.63
Kabupaten Pamekasan,Juli 2019,608.0,12.1,74.16,25.5,16.61,10.76,2623.05
Kabupaten Pamekasan,Agustus 2019,76.0,0.9,71.16,25.85,17.94,11.0,329.41
Kabupaten Pamekasan,September 2019,25.0,0.5,69.47,26.47,18.82,11.14,159.3
Kabupaten Pamekasan,Oktober 2019,30.0,2.0,66.58,28.04,17.99,11.54,188.13
Kabupaten Pamekasan,November 2019,89.0,72.6,69.37,28.6,12.07,11.56,559.01
Kabupaten Pamekasan,Desember 2019,62.0,484.6,85.77,26.78,9.55,9.51,391.38
Kabupaten Pamekasan,Januari 2020,29.0,392.3,89.0,26.1,12.63,8.66,142.22
Kabupaten Pamekasan,Februari 2020,116.0,540.9,91.62,25.58,12.02,7.94,578.69
Kabupaten Pamekasan,Maret 2020,1242.0,424.8,91.0,25.94,10.46,8.47,6307.08
Kabupaten Pamekasan,April 2020,14688.0,287.1,89.57,26.07,9.51,8.87,73429.06
Kabupaten Pamekasan,Mei 2020,3195.0,169.8,86.29,26.65,13.46,9.88,16509.59
Kabupaten Pamekasan,Juni 2020,222.0,57.3,80.8,26.08,14.26,10.68,1152.46
Kabupaten Pamekasan,Juli 2020,227.0,17.9,75.13,26.18,15.98,10.95,1187.77
Kabupaten Pamekasan,Agustus 2020,72.0,50.2,73.42,26.64,17.12,10.72,382.65
Kabupaten Pamekasan,September 2020,183.0,6.6,68.97,27.78,17.74,11.12,1031.49
Kabupaten Pamekasan,Oktober 2020,25.0,156.2,75.32,27.55,14.64,10.26,153.33
Kabupaten Pamekasan,November 2020,75.0,257.8,83.83,26.75,11.97,9.1,451.66
Kabupaten Pamekasan,Desember 2020,96.0,470.2,90.32,25.29,12.45,7.01,501.44
Kabupaten Pamekasan,Januari 2021,96.0,573.9,92.65,24.86,12.59,6.39,420.72
Kabupaten Pamekasan,Februari 2021,930.0,389.0,90.29,25.24,16.45,8.58,4697.02
Kabupaten Pamekasan,Maret 2021,14978.0,511.4,90.9,25.29,10.63,9.05,76685.19
Kabupaten Pamekasan,April 2021,2168.0,121.0,84.07,25.98,11.58,9.88,11065.64
Kabupaten Pamekasan,Mei 2021,258.0,49.3,79.45,26.94,13.38,10.84,1180.66
Kabupaten Pamekasan,Juni 2021,71.0,131.1,83.8,26.31,13.42,10.48,376.97
Kabupaten Pamekasan,Juli 2021,324.0,19.2,75.74,25.97,14.65,10.28,1721.34
Kabupaten Pamekasan,Agustus 2021,48.0,6.1,72.16,27.05,17.19,10.94,257.73
Kabupaten Pamekasan,September 2021,25.0,71.2,73.73,27.17,15.89,10.95,152.08
Kabupaten Pamekasan,Oktober 2021,28.0,83.1,73.84,27.64,12.29,10.96,166.62
Kabupaten Pamekasan,November 2021,0.0,500.6,89.3,25.57,9.97,6.81,10771.305373134326
Kabupaten Pamekasan,Desember 2021,0.0,435.0,88.61,25.68,11.37,7.94,10771.305373134326
Kabupaten Pamekasan,Januari 2022,0.0,295.7,88.52,25.23,14.88,8.05,10771.305373134326
Kabupaten Pamekasan,Februari 2022,1145.35,415.1,89.75,25.02,13.59,7.76,5354.67
Kabupaten Pamekasan,Maret 2022,17004.46,437.5,89.55,25.51,11.88,9.22,90218.87
Kabupaten Pamekasan,April 2022,990.45,211.8,85.67,26.06,9.75,9.53,5128.61
Kabupaten Pamekasan,Mei 2022,14.96,227.3,86.81,26.16,11.63,9.07,75.75
Kabupaten Pamekasan,Juni 2022,283.87,118.1,83.97,25.88,12.59,10.19,1405.45
Kabupaten Pamekasan,Juli 2022,227.67,62.1,78.94,25.77,14.54,10.74,1116.24
Kabupaten Pamekasan,Agustus 2022,88.61,50.2,76.1,26.26,15.56,10.9,433.44
Kabupaten Pamekasan,September 2022,742.05,59.4,74.97,26.98,14.19,10.66,3915.68
Kabupaten Pamekasan,Oktober 2022,0.0,241.0,85.32,25.82,10.63,8.91,10771.305373134326
Kabupaten Pamekasan,November 2022,0.0,402.2,89.53,25.39,9.63,7.36,10771.305373134326
Kabupaten Pamekasan,Desember 2022,0.0,303.6,86.94,25.54,13.1,7.82,10771.305373134326
Kabupaten Pamekasan,Januari 2023,28.56,261.7,86.74,25.44,13.49,8.98,167.04
Kabupaten Pamekasan,Februari 2023,3569.43,327.9,88.96,25.21,17.65,7.22,17887.31
Kabupaten Pamekasan,Maret 2023,15172.06,342.8,88.42,25.42,10.24,9.23,84336.61
Kabupaten Pamekasan,April 2023,382.89,330.1,87.9,25.74,10.47,8.98,2207.94
Kabupaten Pamekasan,Mei 2023,59.34,78.8,80.52,26.25,12.67,10.25,321.31
Kabupaten Pamekasan,Juni 2023,394.79,6.9,75.9,26.69,14.11,10.94,2137.7
Kabupaten Pamekasan,Juli 2023,0.0,24.9,75.32,25.93,14.37,10.63,10771.305373134326
Kabupaten Pamekasan,Agustus 2023,249.45,6.2,71.06,26.11,17.34,11.0,1278.11
Kabupaten Pamekasan,September 2023,0.0,1.2,68.27,26.69,17.21,11.16,10771.305373134326
Kabupaten Pamekasan,Oktober 2023,27.84,2.4,69.19,28.17,16.95,11.56,147.12
Kabupaten Pamekasan,November 2023,0.0,144.2,74.8,28.22,12.19,10.95,10771.305373134326
Kabupaten Pamekasan,Desember 2023,0.0,273.2,83.68,26.81,10.51,10.02,10771.305373134326
Kabupaten Pamekasan,Januari 2024,0.0,396.1,88.13,26.06,13.0,8.37,10771.305373134326
Kabupaten Pamekasan,Februari 2024,0.0,415.3,90.66,25.77,11.88,8.85,10771.305373134326
Kabupaten Pamekasan,Maret 2024,3769.63,362.1,87.71,26.25,14.45,8.19,17754.96
Kabupaten Pamekasan,April 2024,13869.09,314.1,88.17,26.61,11.42,9.25,73742.2
Kabupaten Pamekasan,Mei 2024,1851.33,26.1,77.26,27.6,14.38,10.91,9261.51
Kabupaten Pamekasan,Juni 2024,61.56,61.1,77.87,26.8,14.59,10.7,309.58
Kabupaten Pamekasan,Juli 2024,83.46,16.4,74.16,26.06,15.49,10.65,419.71
Kabupaten Pamekasan,Agustus 2024,0.0,3.6,70.42,26.48,16.46,10.94,10771.305373134326
Kabupaten Pamekasan,September 2024,1.12,34.8,70.23,27.57,14.98,11.04,5.92
Kabupaten Pamekasan,Oktober 2024,0.0,49.3,69.1,28.48,14.84,11.37,10771.305373134326
Kabupaten Pamekasan,November 2024,1.19,310.8,85.03,26.68,11.52,9.89,6.26
Kabupaten Pamekasan,Desember 2024,0.24,509.7,89.9,25.68,14.36,6.59,1.28
Kabupaten Sumenep,Januari 2018,87.0,335.9,85.06,26.89,18.28,7.77,476.54
Kabupaten Sumenep,Februari 2018,3195.0,246.2,85.11,26.72,17.12,10.0,18144.72
Kabupaten Sumenep,Maret 2018,17527.0,212.7,84.65,27.08,12.41,10.53,99200.2
Kabupaten Sumenep,April 2018,6517.0,100.0,79.67,28.05,15.33,10.9,36945.12
Kabupaten Sumenep,Mei 2018,960.0,53.7,74.84,28.1,20.48,10.76,4841.49
Kabupaten Sumenep,Juni 2018,2823.0,40.7,74.47,27.63,21.51,10.55,14564.64
Kabupaten Sumenep,Juli 2018,7032.0,9.6,71.58,26.99,23.94,10.76,36151.64
Kabupaten Sumenep,Agustus 2018,1182.0,8.3,70.97,26.8,24.51,11.0,6002.02
Kabupaten Sumenep,September 2018,1312.0,4.1,69.87,27.54,23.74,11.19,8009.59
Kabupaten Sumenep,Oktober 2018,3227.0,6.0,69.84,28.43,23.8,11.55,19707.66
Kabupaten Sumenep,November 2018,2208.0,85.0,77.27,28.44,16.14,11.13,13490.26
Kabupaten Sumenep,Desember 2018,123.0,281.2,84.16,27.41,14.2,9.22,751.11
Kabupaten Sumenep,Januari 2019,0.0,426.6,85.97,27.02,18.15,8.13,18928.727283950615
Kabupaten Sumenep,Februari 2019,640.0,177.0,86.46,27.1,12.06,10.23,3182.61
Kabupaten Sumenep,Maret 2019,12504.0,317.8,85.87,27.15,14.39,9.17,63644.67
Kabupaten Sumenep,April 2019,13235.0,165.9,83.3,27.75,13.09,10.51,67858.48
Kabupaten Sumenep,Mei 2019,1644.0,32.3,75.29,28.18,20.06,10.85,6754.76
Kabupaten Sumenep,Juni 2019,1867.0,13.9,72.13,27.61,23.59,10.77,7675.17
Kabupaten Sumenep,Juli 2019,4056.0,27.1,72.84,26.71,22.48,10.83,16604.53
Kabupaten Sumenep,Agustus 2019,3338.0,7.9,71.81,26.63,24.93,11.0,13652.08
Kabupaten Sumenep,September 2019,467.0,7.5,72.87,26.88,22.87,11.17,2901.38
Kabupaten Sumenep,Oktober 2019,261.0,2.3,71.39,28.19,21.55,11.56,1377.38
Kabupaten Sumenep,November 2019,168.0,15.0,70.7,29.19,19.28,11.66,985.61
Kabupaten Sumenep,Desember 2019,232.0,149.7,80.94,28.34,11.98,10.94,1454.17
Kabupaten Sumenep,Januari 2020,78.0,232.5,84.94,27.63,16.49,9.45,448.07
Kabupaten Sumenep,Februari 2020,282.0,264.1,86.69,27.27,15.12,9.94,1618.97
Kabupaten Sumenep,Maret 2020,2512.0,198.7,85.77,27.55,11.72,10.0,14486.38
Kabupaten Sumenep,April 2020,19598.0,168.9,82.53,27.88,12.0,10.24,112783.2
Kabupaten Sumenep,Mei 2020,6728.0,172.9,81.13,28.15,17.41,10.01,32976.53
Kabupaten Sumenep,Juni 2020,728.0,42.4,76.5,27.67,20.0,10.63,3565.87
Kabupaten Sumenep,Juli 2020,3734.0,25.2,73.52,27.28,23.75,10.93,18292.94
Kabupaten Sumenep,Agustus 2020,5256.0,20.2,73.29,27.46,22.1,10.89,25742.69
Kabupaten Sumenep,September 2020,3015.0,6.4,70.93,28.28,24.19,11.19,14946.62
Kabupaten Sumenep,Oktober 2020,309.0,52.7,74.74,28.25,21.27,10.5,1537.47
Kabupaten Sumenep,November 2020,400.0,153.3,79.23,28.23,15.76,10.12,1984.7
Kabupaten Sumenep,Desember 2020,115.0,351.3,85.29,26.93,15.85,8.28,596.77
Kabupaten Sumenep,Januari 2021,51.0,338.6,87.23,26.58,16.53,7.83,290.4
Kabupaten Sumenep,Februari 2021,1969.0,289.1,85.75,26.72,20.7,9.65,11135.41
Kabupaten Sumenep,Maret 2021,17721.0,260.1,86.68,26.89,12.95,10.37,99717.89
Kabupaten Sumenep,April 2021,8152.0,117.0,78.83,27.83,16.94,10.11,45945.07
Kabupaten Sumenep,Mei 2021,610.0,42.4,75.58,28.32,17.92,10.86,3305.74
Kabupaten Sumenep,Juni 2021,2003.0,113.3,79.57,27.65,17.55,10.77,10242.33
Kabupaten Sumenep,Juli 2021,3615.0,26.1,72.77,27.48,22.79,10.53,18650.55
Kabupaten Sumenep,Agustus 2021,4367.0,16.4,72.71,27.78,24.95,10.99,22013.61
Kabupaten Sumenep,September 2021,1095.0,39.4,73.87,27.77,23.09,10.32,6489.11
Kabupaten Sumenep,Oktober 2021,640.0,32.1,72.16,28.53,23.33,11.19,3735.92
Kabupaten Sumenep,November 2021,76.0,366.7,83.4,27.2,12.94,8.34,453.38
Kabupaten Sumenep,Desember 2021,0.0,304.2,84.23,27.31,14.28,8.9,18928.727283950615
Kabupaten Sumenep,Januari 2022,613.77,324.7,84.68,26.72,18.15,8.31,3403.12
Kabupaten Sumenep,Februari 2022,3603.41,332.6,85.61,26.68,17.12,8.75,20342.32
Kabupaten Sumenep,Maret 2022,20282.57,294.2,85.16,27.15,14.29,9.71,110793.77
Kabupaten Sumenep,April 2022,5833.47,144.3,79.4,27.97,11.95,10.05,32538.2
Kabupaten Sumenep,Mei 2022,459.63,277.4,80.9,27.89,15.98,9.63,2510.96
Kabupaten Sumenep,Juni 2022,2999.81,99.1,77.6,27.66,19.26,10.49,16358.36
Kabupaten Sumenep,Juli 2022,3284.11,59.9,73.97,27.29,22.52,10.83,17739.55
Kabupaten Sumenep,Agustus 2022,2069.98,23.3,72.9,27.55,23.09,10.97,11320.84
Kabupaten Sumenep,September 2022,853.2,23.4,72.43,28.15,22.2,10.96,4999.11
Kabupaten Sumenep,Oktober 2022,1140.89,136.3,77.45,27.75,17.15,10.34,6529.64
Kabupaten Sumenep,November 2022,610.96,234.1,82.17,27.35,13.05,9.25,3554.41
Kabupaten Sumenep,Desember 2022,83.61,278.7,80.32,27.48,17.9,8.7,491.03
Kabupaten Sumenep,Januari 2023,906.23,226.9,83.61,26.92,15.77,9.48,4778.43
Kabupaten Sumenep,Februari 2023,5054.66,271.4,85.57,26.66,20.06,8.41,26514.33
Kabupaten Sumenep,Maret 2023,20170.94,180.5,83.0,27.23,12.33,9.9,103505.61
Kabupaten Sumenep,April 2023,4374.84,208.4,81.77,27.58,13.3,9.89,22667.0
Kabupaten Sumenep,Mei 2023,409.51,33.9,73.9,28.14,20.31,10.4,2068.83
Kabupaten Sumenep,Juni 2023,3847.25,9.2,72.9,28.07,21.57,10.85,19355.23
Kabupaten Sumenep,Juli 2023,3122.75,32.2,68.71,27.8,31.14,10.65,15545.68
Kabupaten Sumenep,Agustus 2023,3044.68,9.8,68.71,27.54,27.76,11.0,15385.25
Kabupaten Sumenep,September 2023,623.61,4.7,67.9,27.77,28.6,11.22,3307.89
Kabupaten Sumenep,Oktober 2023,429.47,7.7,70.48,28.99,25.32,11.58,2286.65
Kabupaten Sumenep,November 2023,306.82,27.0,69.33,29.75,24.05,11.45,1631.2
Kabupaten Sumenep,Desember 2023,142.21,64.4,72.06,29.19,21.12,10.92,764.38
Kabupaten Sumenep,Januari 2024,24.69,212.4,82.42,27.86,19.72,9.23,128.11
Kabupaten Sumenep,Februari 2024,266.67,210.1,84.52,27.78,18.84,9.57,1365.71
Kabupaten Sumenep,Maret 2024,7768.99,198.3,81.0,28.12,23.45,8.99,40912.66
Kabupaten Sumenep,April 2024,18057.38,202.9,81.97,28.29,19.0,10.22,95452.82
Kabupaten Sumenep,Mei 2024,3530.11,21.2,71.26,29.39,26.05,10.88,16924.19
Kabupaten Sumenep,Juni 2024,632.53,43.7,71.63,28.55,26.41,10.57,3054.61
Kabupaten Sumenep,Juli 2024,2379.24,36.8,69.45,27.81,29.61,10.52,11409.19
Kabupaten Sumenep,Agustus 2024,3030.11,6.8,67.06,27.96,30.92,10.99,14578.58
Kabupaten Sumenep,September 2024,1005.54,8.3,67.77,28.81,26.55,11.19,5308.96
Kabupaten Sumenep,Oktober 2024,0.0,10.3,65.84,29.7,28.81,11.55,18928.727283950615
Kabupaten Sumenep,November 2024,61.57,136.9,75.23,28.9,15.41,10.9,340.36
Kabupaten Sumenep,Desember 2024,4.64,492.3,85.35,27.26,16.48,7.3,24.48
Kota Kediri,Januari 2018,54.0,189.2,87.13,25.32,12.71,6.87,351.89
Kota Kediri,Februari 2018,25.0,245.3,88.61,25.12,12.08,7.82,163.01
Kota Kediri,Maret 2018,332.0,92.1,85.1,26.05,15.69,9.84,2171.06
Kota Kediri,April 2018,354.0,132.5,82.5,26.66,14.89,10.54,2320.06
Kota Kediri,Mei 2018,27.0,25.6,72.87,27.24,20.6,10.72,171.72
Kota Kediri,Juni 2018,0.0,26.3,72.57,26.8,22.95,10.58,913.1314285714292
Kota Kediri,Juli 2018,315.0,1.8,71.35,25.59,25.67,10.87,2009.92
Kota Kediri,Agustus 2018,389.0,1.2,69.77,25.56,26.24,10.95,2487.17
Kota Kediri,September 2018,34.0,6.1,69.0,26.61,25.39,10.87,210.68
Kota Kediri,Oktober 2018,0.0,6.3,67.94,27.79,25.17,11.27,913.1314285714292
Kota Kediri,November 2018,0.0,153.4,79.7,27.02,21.15,9.72,913.1314285714292
Kota Kediri,Desember 2018,52.0,375.2,82.87,26.38,18.93,8.2,320.05
Kota Kediri,Januari 2019,107.0,595.6,88.39,25.75,13.8,7.12,643.85
Kota Kediri,Februari 2019,34.0,251.8,87.29,26.1,12.49,8.96,206.69
Kota Kediri,Maret 2019,101.0,361.8,87.65,25.79,13.99,7.73,604.37
Kota Kediri,April 2019,421.0,194.7,85.63,26.58,14.39,9.58,2520.17
Kota Kediri,Mei 2019,159.0,28.1,77.39,26.77,20.48,10.87,517.73
Kota Kediri,Juni 2019,87.0,5.1,73.17,26.0,24.04,10.9,283.79
Kota Kediri,Juli 2019,33.0,10.3,71.68,25.72,25.44,10.85,108.36
Kota Kediri,Agustus 2019,232.0,1.5,68.74,25.85,26.41,10.96,755.94
Kota Kediri,September 2019,204.0,2.7,67.93,26.41,26.79,11.03,1279.94
Kota Kediri,Oktober 2019,18.0,7.9,66.61,28.04,25.78,11.32,112.15
Kota Kediri,November 2019,0.0,57.5,70.37,28.37,22.9,11.27,913.1314285714292
Kota Kediri,Desember 2019,0.0,421.3,82.23,27.35,15.57,9.38,913.1314285714292
Kota Kediri,Januari 2020,0.0,311.9,85.68,26.47,13.77,8.78,913.1314285714292
Kota Kediri,Februari 2020,33.0,318.9,89.1,26.04,12.7,7.63,197.58
Kota Kediri,Maret 2020,171.0,455.1,88.32,26.33,13.0,8.12,1025.89
Kota Kediri,April 2020,458.0,244.6,86.13,26.74,13.36,9.55,2744.26
Kota Kediri,Mei 2020,266.0,105.3,82.71,27.02,17.57,10.05,1338.16
Kota Kediri,Juni 2020,39.0,45.1,79.97,26.19,19.79,10.71,196.83
Kota Kediri,Juli 2020,0.0,34.2,74.74,26.01,22.99,10.68,913.1314285714292
Kota Kediri,Agustus 2020,262.0,23.3,72.94,26.48,23.68,10.7,1318.6
Kota Kediri,September 2020,271.0,34.3,72.5,27.15,25.28,10.91,2052.2
Kota Kediri,Oktober 2020,61.0,226.3,79.26,26.73,21.78,10.12,460.09
Kota Kediri,November 2020,125.0,244.2,83.63,26.61,18.29,8.88,950.2
Kota Kediri,Desember 2020,0.0,371.6,86.55,25.76,17.05,7.1,913.1314285714292
Kota Kediri,Januari 2021,54.0,314.3,88.87,25.32,14.39,5.51,302.85
Kota Kediri,Februari 2021,18.0,420.7,89.32,25.3,16.08,6.95,100.95
Kota Kediri,Maret 2021,262.0,294.5,87.13,25.86,12.54,8.59,1478.5
Kota Kediri,April 2021,412.0,155.5,82.83,26.38,16.14,9.94,2319.69
Kota Kediri,Mei 2021,209.0,61.2,78.61,27.23,16.77,10.62,1017.84
Kota Kediri,Juni 2021,29.0,157.2,82.63,26.54,14.97,9.85,142.95
Kota Kediri,Juli 2021,75.0,14.5,75.19,26.31,20.87,10.81,363.73
Kota Kediri,Agustus 2021,370.0,28.6,73.94,26.63,23.32,10.96,1803.01
Kota Kediri,September 2021,221.0,215.8,76.03,26.56,22.95,10.66,1445.47
Kota Kediri,Oktober 2021,50.0,96.3,75.77,26.9,23.89,10.74,325.59
Kota Kediri,November 2021,0.0,325.1,86.17,25.98,17.56,7.31,913.1314285714292
Kota Kediri,Desember 2021,36.0,298.2,85.84,26.12,17.25,7.63,234.28
Kota Kediri,Januari 2022,107.47,300.9,86.23,25.43,14.03,7.82,622.98
Kota Kediri,Februari 2022,153.81,384.7,88.86,25.21,17.13,7.45,891.6
Kota Kediri,Maret 2022,176.19,533.3,88.16,25.78,16.42,8.2,1021.33
Kota Kediri,April 2022,412.99,160.0,85.47,26.17,16.38,9.41,2394.0
Kota Kediri,Mei 2022,132.36,293.9,86.16,26.38,14.97,9.39,618.85
Kota Kediri,Juni 2022,17.91,220.3,82.97,25.84,17.52,9.75,83.74
Kota Kediri,Juli 2022,133.39,57.9,77.45,25.94,20.07,10.65,623.67
Kota Kediri,Agustus 2022,390.1,83.6,75.32,26.25,21.89,10.66,1823.91
Kota Kediri,September 2022,71.65,100.6,76.6,26.51,22.63,10.39,446.33
Kota Kediri,Oktober 2022,24.89,250.6,82.94,25.72,20.66,8.01,155.05
Kota Kediri,November 2022,79.13,342.3,86.2,25.76,16.53,7.55,492.93
Kota Kediri,Desember 2022,164.24,282.8,85.58,25.55,17.3,7.67,1023.11
Kota Kediri,Januari 2023,35.82,217.5,84.1,25.76,15.14,8.72,200.36
Kota Kediri,Februari 2023,58.71,509.6,89.82,24.82,14.06,6.02,328.4
Kota Kediri,Maret 2023,88.06,279.1,86.58,25.79,14.65,9.01,492.58
Kota Kediri,April 2023,204.01,212.9,84.9,26.28,15.04,8.78,1141.16
Kota Kediri,Mei 2023,409.55,107.4,78.35,26.46,18.46,10.23,2236.15
Kota Kediri,Juni 2023,0.0,41.0,75.43,26.8,21.39,10.73,913.1314285714292
Kota Kediri,Juli 2023,17.91,15.5,73.35,25.99,24.96,10.72,97.79
Kota Kediri,Agustus 2023,426.44,0.9,70.71,26.05,25.98,10.97,2328.37
Kota Kediri,September 2023,110.5,3.0,68.1,26.56,27.37,11.02,572.61
Kota Kediri,Oktober 2023,49.78,24.4,68.16,28.46,24.62,11.3,257.96
Kota Kediri,November 2023,0.0,132.3,71.7,28.58,23.49,10.85,913.1314285714292
Kota Kediri,Desember 2023,118.91,203.2,72.29,28.11,22.17,9.95,616.19
Kota Kediri,Januari 2024,35.82,312.3,83.42,26.85,16.14,8.52,231.69
Kota Kediri,Februari 2024,0.0,329.8,86.93,26.61,12.9,8.33,913.1314285714292
Kota Kediri,Maret 2024,47.26,244.6,84.45,26.76,15.36,8.4,305.68
Kota Kediri,April 2024,217.97,282.2,83.7,27.26,16.81,9.12,1409.86
Kota Kediri,Mei 2024,429.46,41.8,76.1,27.66,21.48,10.89,2667.76
Kota Kediri,Juni 2024,29.35,20.1,72.9,27.69,21.59,10.79,182.32
Kota Kediri,Juli 2024,0.0,38.1,70.87,26.59,23.79,10.57,913.1314285714292
Kota Kediri,Agustus 2024,264.72,14.3,69.42,26.49,26.33,10.93,1644.41
Kota Kediri,September 2024,224.95,73.4,71.37,27.36,23.96,10.83,1445.86
Kota Kediri,Oktober 2024,24.89,57.4,71.32,27.95,24.76,11.15,159.98
Kota Kediri,November 2024,0.0,335.7,84.1,26.95,16.95,9.28,913.1314285714292
Kota Kediri,Desember 2024,53.73,309.6,87.97,26.03,13.51,6.83,345.35
Kota Blitar,Januari 2018,0.0,385.5,86.61,24.94,13.74,6.29,731.8878
Kota Blitar,Februari 2018,0.0,334.0,87.36,24.81,11.88,8.16,731.8878
Kota Blitar,Maret 2018,208.0,179.1,86.87,25.13,12.53,9.68,1390.46
Kota Blitar,April 2018,409.0,95.9,85.47,25.54,12.5,10.37,2737.39
Kota Blitar,Mei 2018,81.0,37.7,76.55,25.88,18.25,10.62,419.05
Kota Blitar,Juni 2018,0.0,62.1,78.93,25.12,20.54,10.34,731.8878
Kota Blitar,Juli 2018,0.0,11.0,78.97,23.73,21.03,10.79,731.8878
Kota Blitar,Agustus 2018,63.0,17.2,76.71,23.87,21.88,10.37,324.39
Kota Blitar,September 2018,0.0,24.5,77.47,24.72,20.85,10.61,731.8878
Kota Blitar,Oktober 2018,0.0,23.6,76.16,25.86,21.28,11.1,731.8878
Kota Blitar,November 2018,0.0,306.8,86.83,25.43,16.24,8.69,731.8878
Kota Blitar,Desember 2018,0.0,356.8,86.84,25.22,15.66,7.41,731.8878
Kota Blitar,Januari 2019,0.0,384.5,87.13,25.45,14.95,7.75,731.8878
Kota Blitar,Februari 2019,10.0,271.6,87.61,25.41,11.1,8.85,70.63
Kota Blitar,Maret 2019,101.0,463.9,88.48,25.1,12.54,7.46,693.65
Kota Blitar,April 2019,272.0,211.7,87.47,25.59,12.4,9.46,1863.42
Kota Blitar,Mei 2019,180.0,23.9,81.74,25.35,17.61,10.94,1181.48
Kota Blitar,Juni 2019,172.0,12.8,78.27,24.54,20.67,10.66,1130.77
Kota Blitar,Juli 2019,73.0,17.4,77.23,24.17,21.86,10.49,479.96
Kota Blitar,Agustus 2019,62.0,6.7,75.06,24.18,22.71,10.8,406.2
Kota Blitar,September 2019,41.0,4.6,73.83,24.88,22.44,11.0,258.47
Kota Blitar,Oktober 2019,0.0,17.0,74.84,26.19,21.97,11.29,731.8878
Kota Blitar,November 2019,0.0,86.5,78.23,26.55,17.86,10.99,731.8878
Kota Blitar,Desember 2019,0.0,243.8,84.9,26.31,12.8,8.99,731.8878
Kota Blitar,Januari 2020,0.0,223.2,86.35,25.78,12.97,9.07,731.8878
Kota Blitar,Februari 2020,0.0,353.9,88.72,25.64,13.04,7.94,731.8878
Kota Blitar,Maret 2020,0.0,327.5,88.39,25.72,12.37,7.86,731.8878
Kota Blitar,April 2020,103.0,230.8,87.43,25.76,11.76,9.58,669.7
Kota Blitar,Mei 2020,310.0,245.0,85.74,25.79,13.25,9.68,2128.82
Kota Blitar,Juni 2020,212.0,95.5,84.5,24.79,17.26,10.58,1457.12
Kota Blitar,Juli 2020,11.0,32.8,81.81,24.27,19.53,10.43,74.01
Kota Blitar,Agustus 2020,62.0,43.8,81.03,24.53,19.18,10.59,424.98
Kota Blitar,September 2020,74.0,70.8,80.7,25.26,21.31,10.91,519.61
Kota Blitar,Oktober 2020,0.0,400.4,85.19,25.29,17.47,9.5,731.8878
Kota Blitar,November 2020,0.0,289.0,88.23,25.41,13.98,8.03,731.8878
Kota Blitar,Desember 2020,0.0,415.5,88.03,24.94,15.26,7.17,731.8878
Kota Blitar,Januari 2021,6.0,586.3,88.42,24.82,13.53,5.59,41.29
Kota Blitar,Februari 2021,6.0,399.8,86.89,25.08,17.32,7.43,41.29
Kota Blitar,Maret 2021,40.0,254.5,87.35,25.23,12.26,8.75,264.26
Kota Blitar,April 2021,424.0,166.3,85.17,25.27,13.42,9.9,2833.08
Kota Blitar,Mei 2021,257.0,43.1,81.84,25.95,14.33,10.59,1653.82
Kota Blitar,Juni 2021,13.0,207.7,85.2,25.35,12.67,9.49,83.35
Kota Blitar,Juli 2021,19.0,26.2,80.81,24.62,17.72,10.61,123.19
Kota Blitar,Agustus 2021,70.0,62.0,81.81,24.81,19.57,10.91,448.93
Kota Blitar,September 2021,51.0,145.9,82.9,24.93,19.08,10.14,304.09
Kota Blitar,Oktober 2021,0.0,143.8,83.35,25.18,17.83,10.03,731.8878
Kota Blitar,November 2021,0.0,460.5,89.3,24.82,11.68,5.68,731.8878
Kota Blitar,Desember 2021,0.0,448.1,88.23,25.16,13.71,7.38,731.8878
Kota Blitar,Januari 2022,6.18,336.4,85.16,25.12,14.18,8.52,47.24
Kota Blitar,Februari 2022,0.0,334.4,86.61,24.99,15.51,7.76,731.8878
Kota Blitar,Maret 2022,30.08,440.0,88.19,25.11,13.87,7.91,229.91
Kota Blitar,April 2022,433.7,207.3,87.13,25.17,12.64,9.13,3314.9
Kota Blitar,Mei 2022,208.76,228.6,86.77,25.51,12.12,9.26,1316.2
Kota Blitar,Juni 2022,0.0,148.4,86.03,24.61,13.97,9.46,731.8878
Kota Blitar,Juli 2022,6.18,67.0,82.1,24.5,17.96,10.67,38.96
Kota Blitar,Agustus 2022,24.74,71.8,80.35,24.8,19.19,10.41,155.98
Kota Blitar,September 2022,18.55,145.5,83.3,24.94,17.39,9.93,108.94
Kota Blitar,Oktober 2022,0.0,264.1,87.39,24.44,15.48,7.39,731.8878
Kota Blitar,November 2022,0.0,486.0,88.87,24.71,12.51,6.53,731.8878
Kota Blitar,Desember 2022,0.0,431.7,87.45,24.7,14.78,7.61,731.8878
Kota Blitar,Januari 2023,6.18,236.7,85.58,25.01,15.9,8.95,45.73
Kota Blitar,Februari 2023,6.46,364.8,87.39,24.86,15.06,6.51,47.8
Kota Blitar,Maret 2023,123.18,304.0,86.9,25.1,13.13,9.02,911.54
Kota Blitar,April 2023,418.44,207.0,86.93,25.21,13.09,8.67,3096.49
Kota Blitar,Mei 2023,111.31,120.4,83.52,24.91,15.02,10.01,738.4
Kota Blitar,Juni 2023,6.46,33.0,81.57,25.17,17.81,10.63,42.85
Kota Blitar,Juli 2023,6.46,56.7,80.94,24.12,20.4,10.27,42.85
Kota Blitar,Agustus 2023,75.82,9.5,78.74,24.1,20.52,10.77,502.97
Kota Blitar,September 2023,32.26,10.4,75.7,24.79,22.49,10.85,208.05
Kota Blitar,Oktober 2023,0.0,33.6,76.58,26.46,19.59,11.18,731.8878
Kota Blitar,November 2023,0.0,85.0,80.0,26.65,17.96,10.73,731.8878
Kota Blitar,Desember 2023,0.0,101.4,78.61,26.36,16.22,9.43,731.8878
Kota Blitar,Januari 2024,0.0,305.2,86.45,25.79,13.7,8.45,731.8878
Kota Blitar,Februari 2024,0.0,323.9,87.17,25.91,12.09,8.67,731.8878
Kota Blitar,Maret 2024,0.0,236.2,84.97,26.11,15.51,8.54,731.8878
Kota Blitar,April 2024,54.82,222.0,87.93,26.02,13.56,8.35,382.99
Kota Blitar,Mei 2024,235.33,43.8,83.71,25.82,16.34,10.86,1500.12
Kota Blitar,Juni 2024,85.17,26.3,80.2,25.78,17.89,10.6,542.92
Kota Blitar,Juli 2024,21.22,24.1,76.97,24.89,20.51,10.55,135.27
Kota Blitar,Agustus 2024,57.55,9.8,76.26,24.77,21.99,10.71,366.85
Kota Blitar,September 2024,107.58,53.2,77.47,25.71,19.46,10.78,712.14
Kota Blitar,Oktober 2024,12.37,82.8,78.52,26.19,18.95,11.09,81.88
Kota Blitar,November 2024,0.0,431.7,87.8,25.57,12.9,8.12,731.8878
Kota Blitar,Desember 2024,0.0,481.7,88.48,25.38,13.21,6.79,731.8878
Kota Malang,Januari 2018,214.0,441.1,88.19,23.07,8.76,5.83,1204.74
Kota Malang,Februari 2018,89.0,471.2,88.29,22.95,8.39,7.4,501.48
Kota Malang,Maret 2018,157.0,209.9,86.29,23.19,9.4,9.85,886.57
Kota Malang,April 2018,95.0,31.6,80.37,23.91,9.63,10.57,537.02
Kota Malang,Mei 2018,158.0,9.6,71.48,24.33,11.57,10.71,887.44
Kota Malang,Juni 2018,148.0,58.2,76.37,23.34,12.51,10.05,828.45
Kota Malang,Juli 2018,233.0,21.9,79.55,21.81,12.65,10.38,1307.27
Kota Malang,Agustus 2018,159.0,87.3,78.71,21.79,13.56,10.13,889.85
Kota Malang,September 2018,183.0,49.9,73.6,22.9,13.15,10.43,1459.18
Kota Malang,Oktober 2018,81.0,37.7,71.19,24.4,14.17,10.88,647.83
Kota Malang,November 2018,182.0,431.9,84.53,23.8,11.28,8.79,1447.96
Kota Malang,Desember 2018,157.0,625.8,90.16,23.18,9.95,6.54,1252.3
Kota Malang,Januari 2019,60.0,541.1,88.68,23.54,9.64,7.59,396.44
Kota Malang,Februari 2019,289.0,411.4,87.43,23.37,9.68,8.22,1905.94
Kota Malang,Maret 2019,242.0,959.1,88.1,23.26,9.48,7.4,1595.45
Kota Malang,April 2019,76.0,361.0,86.9,23.5,9.34,9.49,500.25
Kota Malang,Mei 2019,112.0,69.6,82.81,23.3,9.62,10.86,742.87
Kota Malang,Juni 2019,131.0,19.0,79.27,22.4,11.45,10.64,867.67
Kota Malang,Juli 2019,59.0,24.7,77.42,21.89,12.64,10.63,388.52
Kota Malang,Agustus 2019,286.0,12.7,73.52,22.39,15.12,10.85,1891.72
Kota Malang,September 2019,321.0,7.6,68.9,23.56,14.88,10.86,2365.49
Kota Malang,Oktober 2019,57.0,14.8,64.03,25.17,16.01,11.25,422.11
Kota Malang,November 2019,173.0,144.3,77.17,24.64,11.69,10.51,1269.94
Kota Malang,Desember 2019,212.0,149.2,82.65,24.43,9.25,8.69,1563.3
Kota Malang,Januari 2020,29.0,402.0,87.48,23.86,9.68,9.13,199.52
Kota Malang,Februari 2020,226.0,560.1,88.79,23.82,8.37,8.04,1580.81
Kota Malang,Maret 2020,325.0,442.4,88.1,23.79,9.42,7.93,2275.13
Kota Malang,April 2020,48.0,241.9,85.67,23.7,9.65,9.65,334.18
Kota Malang,Mei 2020,271.0,240.6,84.77,23.92,9.58,9.38,1645.29
Kota Malang,Juni 2020,20.0,30.0,84.13,22.81,9.77,10.46,124.06
Kota Malang,Juli 2020,57.0,28.9,81.74,22.26,11.67,10.38,346.0
Kota Malang,Agustus 2020,339.0,15.1,77.48,22.9,12.68,10.54,2057.63
Kota Malang,September 2020,192.0,69.9,77.07,23.51,13.66,10.28,1430.59
Kota Malang,Oktober 2020,73.0,229.2,83.03,23.42,11.95,9.5,543.04
Kota Malang,November 2020,93.0,268.2,84.57,23.75,10.53,8.21,690.22
Kota Malang,Desember 2020,67.0,628.8,90.19,23.06,9.4,6.33,497.28
Kota Malang,Januari 2021,136.0,618.7,89.58,23.01,8.49,5.0,870.43
Kota Malang,Februari 2021,281.0,667.6,88.64,23.34,8.88,7.71,1801.68
Kota Malang,Maret 2021,189.0,552.9,88.0,23.22,9.23,8.4,1209.87
Kota Malang,April 2021,85.0,352.6,83.1,23.36,9.5,9.77,542.85
Kota Malang,Mei 2021,108.0,101.7,82.39,23.61,9.04,10.43,680.58
Kota Malang,Juni 2021,121.0,37.1,83.73,23.23,10.07,9.86,762.58
Kota Malang,Juli 2021,91.0,32.0,76.81,22.83,11.83,10.65,572.63
Kota Malang,Agustus 2021,316.0,46.6,81.77,22.87,12.52,10.68,1990.77
Kota Malang,September 2021,174.0,80.3,80.2,23.21,12.87,10.29,1073.28
Kota Malang,Oktober 2021,30.0,119.5,83.26,23.48,12.61,9.68,183.36
Kota Malang,November 2021,114.0,355.8,87.77,23.25,10.08,6.51,704.76
Kota Malang,Desember 2021,149.0,367.6,89.1,23.39,9.79,7.56,918.61
Kota Malang,Januari 2022,71.32,437.6,87.35,23.26,8.96,7.75,453.91
Kota Malang,Februari 2022,214.35,473.7,86.86,23.27,10.17,7.69,1364.21
Kota Malang,Maret 2022,231.87,584.5,88.32,23.3,9.46,7.82,1475.71
Kota Malang,April 2022,30.87,241.3,84.03,23.47,9.54,9.37,196.47
Kota Malang,Mei 2022,129.44,140.7,84.19,23.78,9.85,9.46,781.06
Kota Malang,Juni 2022,148.05,61.9,82.93,22.94,10.14,9.93,893.36
Kota Malang,Juli 2022,137.28,40.0,80.06,22.8,11.32,10.52,828.37
Kota Malang,Agustus 2022,157.47,83.6,79.77,23.01,13.64,10.52,950.2
Kota Malang,September 2022,156.41,59.8,80.1,23.36,12.26,10.18,1002.1
Kota Malang,Oktober 2022,55.88,491.7,89.23,22.64,10.17,6.64,358.02
Kota Malang,November 2022,173.26,517.5,88.1,23.08,8.75,7.55,1110.06
Kota Malang,Desember 2022,211.91,302.1,87.13,23.05,10.49,8.06,1357.68
Kota Malang,Januari 2023,114.2,298.1,88.55,23.06,10.04,8.24,782.25
Kota Malang,Februari 2023,109.61,602.0,89.43,23.11,8.84,6.33,750.81
Kota Malang,Maret 2023,54.65,330.4,85.81,23.27,9.28,9.15,374.34
Kota Malang,April 2023,71.32,299.5,88.07,23.2,8.97,8.3,488.53
Kota Malang,Mei 2023,334.36,47.8,81.71,23.21,9.94,9.76,2132.37
Kota Malang,Juni 2023,141.76,145.4,84.37,23.04,10.08,10.18,904.07
Kota Malang,Juli 2023,162.94,127.6,85.97,21.7,11.37,10.06,1039.14
Kota Malang,Agustus 2023,14.21,6.8,79.68,21.94,12.5,10.81,90.62
Kota Malang,September 2023,71.32,11.8,75.03,22.64,14.63,11.01,425.37
Kota Malang,Oktober 2023,165.69,10.4,68.42,25.1,14.48,11.29,988.21
Kota Malang,November 2023,130.17,96.4,77.2,24.98,12.55,10.45,776.36
Kota Malang,Desember 2023,262.65,240.6,84.77,23.74,11.07,8.63,1566.5
Kota Malang,Januari 2024,123.88,450.4,86.94,23.78,9.58,8.79,916.58
Kota Malang,Februari 2024,9.57,358.7,88.34,23.84,7.75,8.44,70.81
Kota Malang,Maret 2024,121.82,668.4,87.71,24.03,7.66,8.28,901.34
Kota Malang,April 2024,112.73,317.1,88.7,23.95,7.24,8.74,834.08
Kota Malang,Mei 2024,149.66,56.7,84.97,23.65,8.35,10.62,933.86
Kota Malang,Juni 2024,243.16,65.4,83.5,23.26,9.3,10.65,1517.29
Kota Malang,Juli 2024,140.53,17.7,80.61,22.31,11.65,10.49,876.89
Kota Malang,Agustus 2024,55.88,6.9,76.94,22.59,13.94,10.89,348.68
Kota Malang,September 2024,64.73,38.0,74.9,23.87,13.15,10.68,405.71
Kota Malang,Oktober 2024,136.86,62.9,75.58,24.52,13.07,11.07,857.81
Kota Malang,November 2024,206.43,150.6,80.6,24.38,10.12,9.14,1293.86
Kota Malang,Desember 2024,245.66,639.6,90.16,23.38,7.81,6.81,1539.74
Kota Probolinggo,Januari 2018,0.0,260.5,85.26,26.44,12.12,6.55,891.3116666666666
Kota Probolinggo,Februari 2018,0.0,226.3,86.11,26.2,11.61,8.54,891.3116666666666
Kota Probolinggo,Maret 2018,282.0,185.8,83.03,26.94,13.54,10.4,1453.16
Kota Probolinggo,April 2018,499.0,64.5,77.6,27.85,16.5,10.88,2570.89
Kota Probolinggo,Mei 2018,227.0,43.7,66.03,28.37,24.94,10.85,950.48
Kota Probolinggo,Juni 2018,13.0,17.4,68.1,27.66,28.59,10.7,52.63
Kota Probolinggo,Juli 2018,0.0,0.8,65.48,26.68,34.01,10.85,891.3116666666666
Kota Probolinggo,Agustus 2018,0.0,2.1,64.97,26.55,33.62,10.91,891.3116666666666
Kota Probolinggo,September 2018,31.0,5.6,62.97,27.68,31.59,11.1,155.37
Kota Probolinggo,Oktober 2018,38.0,4.6,63.16,28.67,31.78,11.53,189.77
Kota Probolinggo,November 2018,38.0,107.3,71.73,28.61,25.08,10.96,188.03
Kota Probolinggo,Desember 2018,37.0,456.0,81.1,27.39,17.02,9.18,186.68
Kota Probolinggo,Januari 2019,82.0,348.3,85.81,26.69,14.91,8.16,427.0
Kota Probolinggo,Februari 2019,9.0,184.9,85.21,27.04,11.41,9.93,45.48
Kota Probolinggo,Maret 2019,132.0,386.4,85.06,26.83,13.13,8.51,692.89
Kota Probolinggo,April 2019,515.0,261.8,81.9,27.6,13.56,10.29,2698.47
Kota Probolinggo,Mei 2019,513.0,12.1,70.29,27.98,26.15,10.88,2455.93
Kota Probolinggo,Juni 2019,34.0,8.2,66.93,27.32,29.73,10.88,160.73
Kota Probolinggo,Juli 2019,0.0,21.3,65.45,26.85,31.56,10.91,891.3116666666666
Kota Probolinggo,Agustus 2019,0.0,5.0,64.19,26.75,33.57,11.0,891.3116666666666
Kota Probolinggo,September 2019,69.0,2.2,63.17,27.5,30.7,11.11,395.98
Kota Probolinggo,Oktober 2019,50.0,4.1,59.58,29.06,31.96,11.53,288.72
Kota Probolinggo,November 2019,0.0,12.7,63.63,29.54,28.55,11.51,891.3116666666666
Kota Probolinggo,Desember 2019,0.0,304.3,78.71,28.41,15.88,10.48,891.3116666666666
Kota Probolinggo,Januari 2020,0.0,419.3,83.06,27.32,12.97,9.19,891.3116666666666
Kota Probolinggo,Februari 2020,39.0,421.8,86.62,26.9,11.42,9.06,237.81
Kota Probolinggo,Maret 2020,75.0,334.6,86.61,27.13,10.4,8.81,455.94
Kota Probolinggo,April 2020,404.0,202.4,83.47,27.6,11.46,10.05,2453.72
Kota Probolinggo,Mei 2020,551.0,135.7,78.19,28.0,17.75,9.96,2492.03
Kota Probolinggo,Juni 2020,222.0,5.5,69.83,27.77,26.99,10.75,1005.67
Kota Probolinggo,Juli 2020,13.0,17.9,66.32,27.45,31.23,10.88,56.88
Kota Probolinggo,Agustus 2020,0.0,10.9,65.77,27.66,30.15,10.67,891.3116666666666
Kota Probolinggo,September 2020,0.0,17.0,63.6,28.53,32.75,11.01,891.3116666666666
Kota Probolinggo,Oktober 2020,81.0,153.6,71.29,28.16,27.39,10.51,465.8
Kota Probolinggo,November 2020,65.0,170.4,74.37,28.35,20.58,10.01,375.34
Kota Probolinggo,Desember 2020,0.0,568.1,84.32,26.65,14.59,7.13,891.3116666666666
Kota Probolinggo,Januari 2021,0.0,409.8,86.35,26.3,13.5,6.6,891.3116666666666
Kota Probolinggo,Februari 2021,15.0,368.1,86.79,26.22,16.65,8.35,83.33
Kota Probolinggo,Maret 2021,207.0,257.3,86.0,26.66,10.72,9.5,1156.3
Kota Probolinggo,April 2021,635.0,98.3,77.4,27.36,16.14,9.94,3546.65
Kota Probolinggo,Mei 2021,422.0,30.4,72.81,28.25,18.64,10.82,2626.77
Kota Probolinggo,Juni 2021,51.0,73.8,76.6,27.7,16.18,10.52,319.47
Kota Probolinggo,Juli 2021,27.0,5.5,65.84,27.68,29.25,10.52,171.29
Kota Probolinggo,Agustus 2021,82.0,13.0,67.81,27.75,31.38,11.0,513.88
Kota Probolinggo,September 2021,45.0,27.5,67.4,28.02,30.78,10.73,248.86
Kota Probolinggo,Oktober 2021,0.0,32.0,68.1,28.43,30.38,11.37,891.3116666666666
Kota Probolinggo,November 2021,34.0,255.9,81.23,27.26,16.12,8.7,187.64
Kota Probolinggo,Desember 2021,13.0,336.4,83.29,27.11,13.86,8.89,69.89
Kota Probolinggo,Januari 2022,18.86,319.0,84.19,26.41,13.21,8.08,118.83
Kota Probolinggo,Februari 2022,0.0,223.2,85.57,26.08,13.74,8.46,891.3116666666666
Kota Probolinggo,Maret 2022,155.09,336.9,85.16,26.79,13.06,9.35,977.15
Kota Probolinggo,April 2022,569.2,119.2,79.57,27.36,15.05,9.9,3586.28
Kota Probolinggo,Mei 2022,470.2,158.2,80.9,27.56,15.09,9.92,2831.75
Kota Probolinggo,Juni 2022,49.37,47.3,73.37,27.57,21.19,10.63,297.33
Kota Probolinggo,Juli 2022,0.0,41.5,69.29,27.31,26.87,10.82,891.3116666666666
Kota Probolinggo,Agustus 2022,0.0,49.7,68.52,27.49,29.93,10.88,891.3116666666666
Kota Probolinggo,September 2022,14.92,35.0,66.43,28.33,30.05,10.89,71.25
Kota Probolinggo,Oktober 2022,46.35,130.9,73.87,27.55,23.37,9.7,221.33
Kota Probolinggo,November 2022,0.0,239.6,80.9,27.15,16.18,8.46,891.3116666666666
Kota Probolinggo,Desember 2022,0.0,176.6,78.23,27.17,17.69,9.15,891.3116666666666
Kota Probolinggo,Januari 2023,14.92,194.5,80.48,26.87,15.17,9.08,86.88
Kota Probolinggo,Februari 2023,0.0,311.3,86.61,25.94,14.4,6.6,891.3116666666666
Kota Probolinggo,Maret 2023,290.53,238.1,83.42,26.73,12.41,9.7,1691.82
Kota Probolinggo,April 2023,584.39,201.5,81.23,27.27,13.26,9.65,3403.03
Kota Probolinggo,Mei 2023,171.41,44.8,69.55,27.98,23.08,10.33,959.13
Kota Probolinggo,Juni 2023,80.89,15.9,67.57,28.19,25.42,10.91,452.62
Kota Probolinggo,Juli 2023,63.62,10.5,65.48,27.31,29.57,10.6,355.99
Kota Probolinggo,Agustus 2023,27.49,1.4,62.87,27.36,27.81,10.99,153.82
Kota Probolinggo,September 2023,0.0,2.8,59.6,28.02,31.66,11.07,891.3116666666666
Kota Probolinggo,Oktober 2023,14.92,14.7,62.16,29.47,24.75,11.45,78.09
Kota Probolinggo,November 2023,18.86,61.0,63.83,29.94,24.4,11.35,98.71
Kota Probolinggo,Desember 2023,42.41,131.6,66.9,29.41,20.17,10.71,221.97
Kota Probolinggo,Januari 2024,21.21,229.5,80.0,27.81,13.66,9.38,131.07
Kota Probolinggo,Februari 2024,0.0,321.5,84.86,27.42,12.01,9.39,891.3116666666666
Kota Probolinggo,Maret 2024,83.24,290.3,83.16,27.52,15.2,8.65,514.4
Kota Probolinggo,April 2024,730.08,187.7,79.33,28.31,14.09,9.85,4511.7
Kota Probolinggo,Mei 2024,383.39,11.8,67.52,29.12,21.83,10.88,2329.03
Kota Probolinggo,Juni 2024,59.68,40.6,65.73,28.83,23.11,10.86,362.55
Kota Probolinggo,Juli 2024,0.0,10.2,63.29,27.85,28.25,10.77,891.3116666666666
Kota Probolinggo,Agustus 2024,18.86,14.2,61.87,27.72,31.34,10.95,114.57
Kota Probolinggo,September 2024,78.54,37.7,62.6,28.72,27.39,11.07,440.64
Kota Probolinggo,Oktober 2024,15.27,18.9,61.16,29.6,28.51,11.47,85.65
Kota Probolinggo,November 2024,0.65,212.3,75.63,28.58,14.41,10.63,3.63
Kota Probolinggo,Desember 2024,0.16,415.6,85.52,26.83,10.72,7.42,891.3116666666666
Kota Pasuruan,Januari 2018,165.0,227.9,85.16,26.98,14.78,8.01,1168.79
Kota Pasuruan,Februari 2018,80.0,183.8,87.21,26.54,13.8,9.24,569.72
Kota Pasuruan,Maret 2018,212.0,257.6,86.55,27.0,10.11,10.36,1504.47
Kota Pasuruan,April 2018,133.0,62.7,80.8,27.94,11.68,10.87,941.42
Kota Pasuruan,Mei 2018,201.0,34.7,72.65,28.2,14.74,10.88,1244.64
Kota Pasuruan,Juni 2018,138.0,12.2,70.1,28.04,15.13,10.73,853.8
Kota Pasuruan,Juli 2018,80.0,0.9,65.68,27.34,16.16,10.9,496.93
Kota Pasuruan,Agustus 2018,165.0,1.5,62.16,27.22,18.47,10.99,1020.64
Kota Pasuruan,September 2018,235.0,1.0,61.2,28.19,18.72,11.02,1474.7
Kota Pasuruan,Oktober 2018,119.0,0.3,61.87,29.12,17.85,11.49,745.13
Kota Pasuruan,November 2018,197.0,189.1,75.47,28.75,14.57,10.78,1239.46
Kota Pasuruan,Desember 2018,93.0,368.4,85.52,27.6,11.36,9.2,586.87
Kota Pasuruan,Januari 2019,270.0,275.0,87.61,27.02,14.84,8.58,1200.42
Kota Pasuruan,Februari 2019,152.0,247.2,87.64,27.1,11.15,10.04,677.14
Kota Pasuruan,Maret 2019,136.0,391.3,87.97,26.94,11.88,8.75,602.18
Kota Pasuruan,April 2019,133.0,223.8,85.5,27.62,10.46,10.25,588.95
Kota Pasuruan,Mei 2019,147.0,13.9,76.77,27.83,12.45,10.9,750.16
Kota Pasuruan,Juni 2019,229.0,0.8,70.4,27.48,14.91,10.93,1170.19
Kota Pasuruan,Juli 2019,191.0,22.1,68.1,26.9,17.2,10.93,979.44
Kota Pasuruan,Agustus 2019,128.0,2.3,65.35,27.14,17.41,10.99,654.12
Kota Pasuruan,September 2019,124.0,0.2,66.3,27.48,20.26,11.09,774.05
Kota Pasuruan,Oktober 2019,102.0,0.7,63.1,28.89,19.09,11.5,636.89
Kota Pasuruan,November 2019,145.0,15.2,65.17,29.85,16.18,11.56,906.03
Kota Pasuruan,Desember 2019,299.0,297.2,81.61,28.74,13.55,10.35,1865.14
Kota Pasuruan,Januari 2020,29.0,322.7,86.26,27.63,13.35,9.51,171.84
Kota Pasuruan,Februari 2020,110.0,327.8,88.97,27.1,11.91,9.49,653.58
Kota Pasuruan,Maret 2020,168.0,280.6,88.48,27.32,10.64,9.65,1002.02
Kota Pasuruan,April 2020,306.0,192.8,86.3,27.63,9.46,10.02,1819.75
Kota Pasuruan,Mei 2020,170.0,144.1,82.52,27.97,11.63,10.14,993.18
Kota Pasuruan,Juni 2020,145.0,4.4,76.47,27.43,12.45,10.77,849.5
Kota Pasuruan,Juli 2020,57.0,4.3,70.74,27.48,15.0,10.84,335.11
Kota Pasuruan,Agustus 2020,59.0,12.4,69.1,27.88,17.27,10.77,345.22
Kota Pasuruan,September 2020,180.0,0.4,62.1,29.18,18.62,11.1,1175.7
Kota Pasuruan,Oktober 2020,268.0,157.1,70.42,28.94,17.25,10.73,1749.53
Kota Pasuruan,November 2020,99.0,222.2,78.1,28.48,14.17,9.86,645.78
Kota Pasuruan,Desember 2020,57.0,318.6,87.87,26.83,12.43,8.05,374.0
Kota Pasuruan,Januari 2021,123.0,323.6,89.52,26.43,13.15,7.66,584.96
Kota Pasuruan,Februari 2021,148.0,169.3,86.14,26.74,18.13,9.38,700.73
Kota Pasuruan,Maret 2021,61.0,228.8,87.97,26.87,9.63,9.94,290.75
Kota Pasuruan,April 2021,248.0,101.1,80.97,27.44,11.44,10.2,1177.99
Kota Pasuruan,Mei 2021,62.0,42.1,76.65,28.15,14.01,10.75,314.21
Kota Pasuruan,Juni 2021,119.0,164.1,81.3,27.69,12.71,10.56,606.25
Kota Pasuruan,Juli 2021,79.0,26.5,72.0,27.16,15.29,10.61,400.17
Kota Pasuruan,Agustus 2021,125.0,8.8,67.61,28.2,17.51,10.99,635.73
Kota Pasuruan,September 2021,126.0,24.9,67.7,28.6,17.9,10.71,769.78
Kota Pasuruan,Oktober 2021,150.0,73.5,67.68,29.15,16.71,11.36,913.0
Kota Pasuruan,November 2021,146.0,438.1,87.4,27.18,12.39,8.53,891.34
Kota Pasuruan,Desember 2021,167.0,312.5,88.23,27.01,12.05,8.81,1019.68
Kota Pasuruan,Januari 2022,37.99,278.3,87.45,26.56,15.38,9.06,204.67
Kota Pasuruan,Februari 2022,96.69,250.3,89.86,26.15,13.9,8.69,520.91
Kota Pasuruan,Maret 2022,107.1,292.3,88.35,26.88,12.02,9.56,576.99
Kota Pasuruan,April 2022,93.71,144.9,83.07,27.38,11.58,10.33,504.85
Kota Pasuruan,Mei 2022,140.29,207.9,86.0,27.36,11.57,9.87,691.41
Kota Pasuruan,Juni 2022,229.9,89.3,81.97,27.01,11.44,10.61,1133.05
Kota Pasuruan,Juli 2022,99.56,33.1,75.94,26.96,14.07,10.83,490.68
Kota Pasuruan,Agustus 2022,93.6,42.4,71.58,27.53,15.48,10.91,461.3
Kota Pasuruan,September 2022,104.36,23.2,68.2,28.45,16.52,10.92,571.15
Kota Pasuruan,Oktober 2022,156.65,246.1,82.94,27.29,11.93,9.49,857.32
Kota Pasuruan,November 2022,184.69,361.5,87.4,26.99,11.4,8.9,1010.78
Kota Pasuruan,Desember 2022,49.44,234.3,84.29,27.07,14.63,8.96,270.58
Kota Pasuruan,Januari 2023,51.7,195.3,84.87,26.9,13.69,9.73,291.79
Kota Pasuruan,Februari 2023,17.85,391.0,89.79,26.24,17.98,7.7,100.74
Kota Pasuruan,Maret 2023,172.45,183.5,86.26,26.86,11.95,10.01,973.29
Kota Pasuruan,April 2023,219.59,132.7,86.5,27.24,10.05,9.95,1239.35
Kota Pasuruan,Mei 2023,105.64,53.0,77.13,27.45,12.44,10.38,602.09
Kota Pasuruan,Juni 2023,107.54,20.1,72.63,27.92,14.27,10.94,612.92
Kota Pasuruan,Juli 2023,93.71,12.7,66.74,27.52,13.51,10.77,534.09
Kota Pasuruan,Agustus 2023,57.22,0.1,64.06,27.4,18.08,10.99,326.12
Kota Pasuruan,September 2023,156.89,1.1,61.23,27.9,19.04,11.1,954.38
Kota Pasuruan,Oktober 2023,204.92,1.8,63.61,29.27,17.71,11.52,1246.56
Kota Pasuruan,November 2023,171.4,73.7,67.93,29.8,16.35,11.29,1042.65
Kota Pasuruan,Desember 2023,15.79,137.8,75.42,28.84,14.29,10.73,96.05
Kota Pasuruan,Januari 2024,94.53,215.7,81.87,27.98,13.56,9.85,507.0
Kota Pasuruan,Februari 2024,225.42,224.3,86.0,27.54,12.2,9.92,1209.01
Kota Pasuruan,Maret 2024,130.22,191.0,83.06,27.87,15.15,9.23,698.42
Kota Pasuruan,April 2024,118.98,141.9,79.93,28.66,11.7,9.52,638.13
Kota Pasuruan,Mei 2024,43.6,8.4,67.58,29.45,15.74,10.93,235.27
Kota Pasuruan,Juni 2024,173.04,29.8,69.83,28.41,15.48,10.91,933.75
Kota Pasuruan,Juli 2024,125.31,10.8,64.35,27.71,16.5,10.76,676.19
Kota Pasuruan,Agustus 2024,163.5,4.1,62.29,27.91,16.82,10.96,882.27
Kota Pasuruan,September 2024,132.36,13.7,63.0,28.8,18.92,11.01,763.34
Kota Pasuruan,Oktober 2024,36.06,7.0,62.0,29.69,17.25,11.47,207.96
Kota Pasuruan,November 2024,293.07,174.8,75.17,29.1,14.95,10.99,1690.18
Kota Pasuruan,Desember 2024,38.8,384.0,84.87,27.36,12.82,8.08,223.77
Kota Mojokerto,Januari 2018,49.0,333.2,85.42,26.36,12.63,7.19,254.88
Kota Mojokerto,Februari 2018,9.0,322.4,87.82,25.96,12.64,8.26,48.53
Kota Mojokerto,Maret 2018,0.0,196.4,85.77,26.65,9.92,9.54,436.9201538461537
Kota Mojokerto,April 2018,93.0,61.3,78.7,27.76,10.65,10.76,489.29
Kota Mojokerto,Mei 2018,101.0,10.4,64.61,29.04,14.79,10.86,664.26
Kota Mojokerto,Juni 2018,60.0,14.7,63.33,28.79,15.2,10.75,398.54
Kota Mojokerto,Juli 2018,0.0,4.5,59.06,28.25,16.94,10.84,436.9201538461537
Kota Mojokerto,Agustus 2018,94.0,1.3,57.35,28.21,17.91,10.95,622.89
Kota Mojokerto,September 2018,134.0,6.8,55.37,29.14,20.25,10.91,707.55
Kota Mojokerto,Oktober 2018,10.0,6.3,54.45,30.42,18.78,11.39,52.88
Kota Mojokerto,November 2018,43.0,200.2,73.07,28.85,11.9,9.79,223.68
Kota Mojokerto,Desember 2018,137.0,301.8,82.29,27.44,11.03,8.49,719.65
Kota Mojokerto,Januari 2019,108.0,431.6,88.39,26.52,12.36,7.53,487.53
Kota Mojokerto,Februari 2019,0.0,270.8,87.14,26.78,10.63,8.99,436.9201538461537
Kota Mojokerto,Maret 2019,10.0,370.0,87.61,26.48,11.26,7.66,45.29
Kota Mojokerto,April 2019,16.0,190.4,85.3,27.24,9.63,9.75,73.14
Kota Mojokerto,Mei 2019,106.0,19.4,75.9,27.81,10.63,10.83,439.42
Kota Mojokerto,Juni 2019,149.0,11.7,65.7,27.75,14.3,10.91,618.91
Kota Mojokerto,Juli 2019,70.0,5.2,62.97,27.52,18.15,10.88,292.0
Kota Mojokerto,Agustus 2019,0.0,2.1,59.52,27.91,19.43,10.98,436.9201538461537
Kota Mojokerto,September 2019,40.0,0.5,57.97,28.5,21.96,11.04,268.45
Kota Mojokerto,Oktober 2019,84.0,6.8,54.45,30.27,20.63,11.39,562.21
Kota Mojokerto,November 2019,68.0,71.8,65.0,29.91,13.98,11.26,453.86
Kota Mojokerto,Desember 2019,49.0,254.8,80.45,28.42,11.11,9.73,325.07
Kota Mojokerto,Januari 2020,40.0,319.3,85.26,27.33,12.44,9.01,231.15
Kota Mojokerto,Februari 2020,54.0,471.5,90.0,26.56,10.72,7.85,308.07
Kota Mojokerto,Maret 2020,0.0,311.0,88.58,26.94,11.0,8.73,436.9201538461537
Kota Mojokerto,April 2020,30.0,232.9,86.0,27.24,10.14,9.44,173.32
Kota Mojokerto,Mei 2020,117.0,116.2,79.74,28.02,11.79,9.84,731.1
Kota Mojokerto,Juni 2020,110.0,15.1,71.1,27.93,11.9,10.73,692.43
Kota Mojokerto,Juli 2020,30.0,6.2,63.81,28.28,15.18,10.82,188.95
Kota Mojokerto,Agustus 2020,60.0,3.7,61.06,28.81,18.71,10.8,377.96
Kota Mojokerto,September 2020,127.0,6.0,58.1,30.05,19.0,11.05,766.71
Kota Mojokerto,Oktober 2020,127.0,149.8,68.16,29.22,15.47,10.37,768.52
Kota Mojokerto,November 2020,37.0,169.8,74.53,28.68,13.4,9.18,223.57
Kota Mojokerto,Desember 2020,0.0,383.1,85.23,26.62,12.66,7.33,436.9201538461537
Kota Mojokerto,Januari 2021,0.0,379.2,89.39,26.05,11.72,6.06,436.9201538461537
Kota Mojokerto,Februari 2021,0.0,402.7,88.32,26.0,14.25,7.61,436.9201538461537
Kota Mojokerto,Maret 2021,70.0,352.1,88.0,26.53,10.8,9.36,475.49
Kota Mojokerto,April 2021,59.0,152.6,81.17,27.22,10.25,10.0,397.77
Kota Mojokerto,Mei 2021,227.0,47.6,73.55,28.25,11.85,10.69,1176.57
Kota Mojokerto,Juni 2021,6.0,77.9,76.5,27.74,12.31,10.27,32.08
Kota Mojokerto,Juli 2021,0.0,2.7,60.81,28.51,14.94,10.76,436.9201538461537
Kota Mojokerto,Agustus 2021,0.0,7.5,61.35,29.23,16.32,10.88,436.9201538461537
Kota Mojokerto,September 2021,180.0,28.0,62.27,29.46,16.33,10.56,1073.51
Kota Mojokerto,Oktober 2021,199.0,92.1,64.0,29.75,13.97,10.93,1185.99
Kota Mojokerto,November 2021,12.0,391.9,85.93,26.75,11.6,7.22,73.52
Kota Mojokerto,Desember 2021,0.0,348.2,86.13,26.78,11.37,8.02,436.9201538461537
Kota Mojokerto,Januari 2022,0.0,313.0,85.19,26.43,13.72,8.44,436.9201538461537
Kota Mojokerto,Februari 2022,30.15,405.2,88.5,25.89,13.45,7.45,180.6
Kota Mojokerto,Maret 2022,0.0,442.0,88.1,26.4,11.09,8.37,436.9201538461537
Kota Mojokerto,April 2022,110.99,189.9,83.3,27.0,10.83,9.64,664.85
Kota Mojokerto,Mei 2022,158.29,169.2,84.13,27.08,12.24,9.3,889.89
Kota Mojokerto,Juni 2022,10.05,87.8,80.7,26.83,11.2,10.12,56.5
Kota Mojokerto,Juli 2022,57.11,33.3,70.29,27.47,13.37,10.67,321.07
Kota Mojokerto,Agustus 2022,102.82,33.2,66.68,28.24,15.73,10.9,578.05
Kota Mojokerto,September 2022,131.78,38.8,63.87,29.11,15.47,10.54,848.77
Kota Mojokerto,Oktober 2022,111.23,250.8,82.35,26.82,11.26,8.5,716.41
Kota Mojokerto,November 2022,30.15,341.7,86.67,26.51,11.4,7.74,194.19
Kota Mojokerto,Desember 2022,90.46,291.3,84.03,26.52,12.61,7.97,582.63
Kota Mojokerto,Januari 2023,0.0,247.1,83.52,26.58,13.31,8.97,436.9201538461537
Kota Mojokerto,Februari 2023,43.26,466.2,88.29,25.79,15.53,6.79,226.03
Kota Mojokerto,Maret 2023,12.36,293.8,86.97,26.39,12.09,9.17,64.58
Kota Mojokerto,April 2023,155.31,113.2,83.9,26.99,10.97,8.89,811.47
Kota Mojokerto,Mei 2023,80.77,54.4,76.19,27.48,11.8,10.26,395.76
Kota Mojokerto,Juni 2023,30.9,8.7,69.63,28.25,12.38,10.85,151.4
Kota Mojokerto,Juli 2023,18.54,48.6,69.97,27.39,11.83,10.75,90.84
Kota Mojokerto,Agustus 2023,24.72,0.8,63.03,27.95,16.75,10.98,121.12
Kota Mojokerto,September 2023,177.09,8.4,59.67,28.7,17.2,11.02,995.67
Kota Mojokerto,Oktober 2023,40.45,8.4,56.29,30.51,21.28,11.44,227.43
Kota Mojokerto,November 2023,37.08,132.0,67.0,30.17,15.26,10.73,208.48
Kota Mojokerto,Desember 2023,0.0,158.5,76.19,28.66,12.47,9.97,436.9201538461537
Kota Mojokerto,Januari 2024,16.23,327.9,83.23,27.56,13.31,8.87,79.46
Kota Mojokerto,Februari 2024,37.08,351.2,88.48,27.09,11.3,8.66,181.53
Kota Mojokerto,Maret 2024,18.54,283.3,86.68,27.32,12.12,8.5,90.77
Kota Mojokerto,April 2024,24.72,218.4,85.53,27.8,10.75,8.94,121.02
Kota Mojokerto,Mei 2024,205.18,17.7,73.87,28.71,11.47,10.9,1170.32
Kota Mojokerto,Juni 2024,0.0,34.8,74.53,28.03,12.63,10.81,436.9201538461537
Kota Mojokerto,Juli 2024,0.0,10.0,67.48,27.68,12.56,10.68,436.9201538461537
Kota Mojokerto,Agustus 2024,0.0,3.3,62.42,28.36,15.07,10.95,436.9201538461537
Kota Mojokerto,September 2024,168.86,40.3,63.03,29.31,15.9,10.8,1132.53
Kota Mojokerto,Oktober 2024,81.9,28.3,62.77,29.98,16.13,11.27,549.3
Kota Mojokerto,November 2024,18.55,131.9,76.03,28.74,14.47,10.24,124.4
Kota Mojokerto,Desember 2024,0.04,532.5,84.97,27.15,14.52,7.28,436.9201538461537
Kota Madiun,Januari 2018,0.0,255.9,84.65,25.89,12.95,7.08,1358.5734482758614
Kota Madiun,Februari 2018,18.0,187.4,86.46,25.49,11.57,8.27,116.48
Kota Madiun,Maret 2018,544.0,147.8,82.1,26.55,14.41,9.51,3492.35
Kota Madiun,April 2018,9.0,107.9,79.43,27.26,12.44,10.59,58.24
Kota Madiun,Mei 2018,0.0,20.4,62.84,28.82,17.26,10.75,1358.5734482758614
Kota Madiun,Juni 2018,40.0,21.9,64.4,28.21,20.13,10.69,237.74
Kota Madiun,Juli 2018,504.0,1.5,62.39,26.96,24.62,10.83,3004.76
Kota Madiun,Agustus 2018,18.0,3.1,61.65,26.92,27.34,10.95,108.11
Kota Madiun,September 2018,12.0,9.6,59.6,28.15,24.43,10.92,77.65
Kota Madiun,Oktober 2018,0.0,6.2,57.68,29.55,24.75,11.26,1358.5734482758614
Kota Madiun,November 2018,192.0,145.8,73.47,28.18,18.55,9.62,1234.8
Kota Madiun,Desember 2018,24.0,207.2,78.55,27.19,17.37,8.5,155.24
Kota Madiun,Januari 2019,0.0,531.6,87.0,26.03,12.63,7.39,1358.5734482758614
Kota Madiun,Februari 2019,0.0,195.6,85.86,26.48,11.7,8.95,1358.5734482758614
Kota Madiun,Maret 2019,379.0,302.6,84.87,26.28,13.37,7.8,2387.23
Kota Madiun,April 2019,150.0,131.4,84.03,26.96,11.7,9.42,947.25
Kota Madiun,Mei 2019,0.0,21.7,73.74,27.4,16.26,10.9,1358.5734482758614
Kota Madiun,Juni 2019,0.0,6.1,63.77,27.35,21.2,10.82,1358.5734482758614
Kota Madiun,Juli 2019,447.0,4.3,63.48,26.88,22.49,10.77,3083.48
Kota Madiun,Agustus 2019,82.0,1.2,60.42,27.08,24.82,10.96,568.91
Kota Madiun,September 2019,0.0,1.0,58.6,27.89,24.4,11.02,1358.5734482758614
Kota Madiun,Oktober 2019,0.0,4.7,54.97,29.81,24.01,11.31,1358.5734482758614
Kota Madiun,November 2019,159.0,91.0,60.77,30.04,19.8,11.11,829.95
Kota Madiun,Desember 2019,85.0,344.5,79.84,27.87,12.81,9.72,442.57
Kota Madiun,Januari 2020,6.0,241.3,84.81,26.78,12.41,8.78,6.05
Kota Madiun,Februari 2020,0.0,273.0,87.76,26.36,11.87,7.73,1358.5734482758614
Kota Madiun,Maret 2020,465.0,326.1,86.55,26.72,12.67,8.4,464.77
Kota Madiun,April 2020,384.0,218.1,84.7,27.08,10.9,9.4,2709.01
Kota Madiun,Mei 2020,0.0,111.5,77.19,27.93,13.58,10.15,1358.5734482758614
Kota Madiun,Juni 2020,0.0,14.3,69.13,27.88,17.28,10.55,1358.5734482758614
Kota Madiun,Juli 2020,611.0,12.9,64.61,27.68,21.14,10.69,3772.64
Kota Madiun,Agustus 2020,191.0,24.0,62.55,28.21,20.6,10.76,1179.45
Kota Madiun,September 2020,0.0,12.4,60.93,29.03,23.27,10.98,1358.5734482758614
Kota Madiun,Oktober 2020,15.0,181.4,69.26,28.4,19.96,9.57,92.23
Kota Madiun,November 2020,484.0,223.6,75.63,27.88,15.5,8.94,3080.78
Kota Madiun,Desember 2020,158.0,381.0,82.68,26.41,15.68,7.36,1007.8
Kota Madiun,Januari 2021,6.0,257.1,85.84,25.85,15.01,6.33,35.68
Kota Madiun,Februari 2021,0.0,444.4,87.71,25.58,16.75,6.6,1358.5734482758614
Kota Madiun,Maret 2021,506.0,205.6,85.0,26.34,12.07,8.56,2982.28
Kota Madiun,April 2021,282.0,184.7,80.47,26.9,12.54,9.84,1661.74
Kota Madiun,Mei 2021,0.0,58.9,75.45,27.74,13.42,10.66,1358.5734482758614
Kota Madiun,Juni 2021,6.0,133.4,79.13,27.07,11.26,9.86,36.13
Kota Madiun,Juli 2021,709.0,8.0,65.87,27.7,18.95,10.67,4232.01
Kota Madiun,Agustus 2021,73.0,17.2,64.77,28.18,21.5,10.95,434.75
Kota Madiun,September 2021,15.0,148.8,69.7,27.67,21.28,10.3,92.17
Kota Madiun,Oktober 2021,15.0,77.5,68.81,28.25,22.45,10.62,92.17
Kota Madiun,November 2021,532.0,440.4,83.87,26.53,15.11,7.51,3384.0
Kota Madiun,Desember 2021,87.0,339.6,83.68,26.55,15.65,7.69,554.88
Kota Madiun,Januari 2022,0.0,210.7,84.45,25.85,14.17,8.3,1358.5734482758614
Kota Madiun,Februari 2022,0.0,356.8,86.61,25.66,15.84,6.83,1358.5734482758614
Kota Madiun,Maret 2022,505.65,444.8,86.19,26.16,14.79,8.23,2932.19
Kota Madiun,April 2022,281.75,232.2,83.23,26.64,14.26,9.5,1633.82
Kota Madiun,Mei 2022,0.0,181.8,84.29,26.71,12.85,9.23,1358.5734482758614
Kota Madiun,Juni 2022,0.0,98.7,77.27,26.74,13.53,9.94,1358.5734482758614
Kota Madiun,Juli 2022,712.31,37.3,68.68,27.36,17.66,10.5,3051.13
Kota Madiun,Agustus 2022,75.09,63.4,67.23,27.65,21.29,10.68,321.64
Kota Madiun,September 2022,0.0,106.0,68.2,28.02,20.14,10.51,1358.5734482758614
Kota Madiun,Oktober 2022,14.5,287.0,77.65,26.75,18.77,8.44,82.24
Kota Madiun,November 2022,498.77,421.2,83.93,26.34,14.39,7.47,2828.82
Kota Madiun,Desember 2022,106.51,346.1,82.71,26.13,15.51,7.65,604.08
Kota Madiun,Januari 2023,12.21,161.9,81.52,26.29,15.34,8.33,63.51
Kota Madiun,Februari 2023,0.0,429.8,87.14,25.35,15.63,5.9,1358.5734482758614
Kota Madiun,Maret 2023,543.73,285.8,84.06,26.2,12.07,9.01,2828.31
Kota Madiun,April 2023,210.92,178.0,81.67,26.86,14.03,9.17,1097.14
Kota Madiun,Mei 2023,6.05,96.4,74.65,27.15,16.07,10.46,33.7
Kota Madiun,Juni 2023,0.0,89.8,69.8,27.81,19.03,10.86,1358.5734482758614
Kota Madiun,Juli 2023,386.61,26.4,67.84,26.93,23.94,10.77,2153.67
Kota Madiun,Agustus 2023,400.79,0.8,63.61,27.03,23.05,10.96,2232.66
Kota Madiun,September 2023,6.05,1.4,59.07,27.94,25.74,11.03,35.32
Kota Madiun,Oktober 2023,0.0,6.3,55.16,30.46,20.04,11.33,1358.5734482758614
Kota Madiun,November 2023,224.18,65.3,63.73,30.08,19.56,10.84,1308.75
Kota Madiun,Desember 2023,413.94,132.4,69.45,28.84,20.16,9.84,2416.56
Kota Madiun,Januari 2024,12.1,288.9,81.65,27.23,15.47,8.72,68.74
Kota Madiun,Februari 2024,0.0,297.7,85.45,26.87,12.4,8.51,1358.5734482758614
Kota Madiun,Maret 2024,152.52,233.8,82.68,27.28,14.26,8.6,866.48
Kota Madiun,April 2024,592.54,191.4,82.53,27.69,13.87,9.3,3366.29
Kota Madiun,Mei 2024,42.33,58.5,69.61,28.65,18.14,10.89,246.01
Kota Madiun,Juni 2024,0.0,32.7,68.53,28.46,17.73,10.83,1358.5734482758614
Kota Madiun,Juli 2024,142.61,13.8,65.42,27.49,21.64,10.58,828.81
Kota Madiun,Agustus 2024,620.6,4.1,62.68,27.61,24.7,10.93,3606.77
Kota Madiun,September 2024,18.14,106.4,64.87,28.48,20.84,10.69,104.88
Kota Madiun,Oktober 2024,0.0,72.3,63.32,29.41,22.81,11.05,1358.5734482758614
Kota Madiun,November 2024,252.46,313.3,80.17,27.63,14.6,9.2,1459.65
Kota Madiun,Desember 2024,356.78,333.9,86.77,26.27,12.63,6.75,2062.79
Kota Surabaya,Januari 2018,121.0,315.1,84.19,26.46,15.02,7.67,675.05
Kota Surabaya,Februari 2018,185.0,273.0,85.93,26.05,14.7,8.38,1033.43
Kota Surabaya,Maret 2018,875.0,269.7,85.1,26.63,10.48,9.76,4845.46
Kota Surabaya,April 2018,206.0,67.9,81.0,27.59,11.85,10.75,1148.63
Kota Surabaya,Mei 2018,101.0,12.7,71.26,28.31,15.54,10.86,494.6
Kota Surabaya,Juni 2018,83.0,23.8,70.5,27.92,16.78,10.77,409.49
Kota Surabaya,Juli 2018,323.0,0.6,65.45,27.29,19.16,10.9,1581.61
Kota Surabaya,Agustus 2018,423.0,1.6,63.52,27.14,19.02,10.99,2071.29
Kota Surabaya,September 2018,220.0,4.9,62.57,28.08,19.61,10.98,1312.53
Kota Surabaya,Oktober 2018,54.0,4.7,62.71,29.27,18.72,11.41,325.83
Kota Surabaya,November 2018,29.0,116.4,73.97,28.74,13.39,10.39,174.16
Kota Surabaya,Desember 2018,67.0,243.6,82.1,27.36,11.51,8.43,402.45
Kota Surabaya,Januari 2019,82.0,422.9,86.32,26.55,15.05,8.03,451.66
Kota Surabaya,Februari 2019,33.0,242.9,86.39,26.75,11.18,9.3,184.35
Kota Surabaya,Maret 2019,773.0,373.3,86.23,26.59,12.21,8.22,4277.15
Kota Surabaya,April 2019,87.0,191.0,84.17,27.29,10.83,9.66,482.65
Kota Surabaya,Mei 2019,138.0,14.6,76.06,27.73,13.85,10.85,732.1
Kota Surabaya,Juni 2019,86.0,5.7,69.6,27.44,16.0,10.93,458.0
Kota Surabaya,Juli 2019,144.0,11.6,67.48,26.94,18.4,10.78,763.87
Kota Surabaya,Agustus 2019,77.0,2.2,64.42,27.25,20.54,10.99,405.77
Kota Surabaya,September 2019,63.0,3.0,63.63,27.78,21.54,11.07,375.06
Kota Surabaya,Oktober 2019,127.0,1.1,59.81,29.46,21.02,11.45,785.04
Kota Surabaya,November 2019,59.0,30.5,65.57,29.96,14.62,11.49,355.18
Kota Surabaya,Desember 2019,55.0,207.2,78.35,28.39,11.68,10.03,325.95
Kota Surabaya,Januari 2020,12.0,275.9,83.52,27.28,13.84,8.79,12.23
Kota Surabaya,Februari 2020,126.0,366.6,86.86,26.72,13.15,8.37,126.06
Kota Surabaya,Maret 2020,89.0,294.7,86.45,27.09,11.19,9.03,88.56
Kota Surabaya,April 2020,801.0,223.5,84.63,27.37,10.74,9.07,4568.32
Kota Surabaya,Mei 2020,222.0,104.0,80.65,28.01,13.02,9.71,1265.9
Kota Surabaya,Juni 2020,78.0,20.5,73.13,27.78,15.72,10.57,445.17
Kota Surabaya,Juli 2020,93.0,6.1,67.16,27.83,18.66,10.79,533.79
Kota Surabaya,Agustus 2020,199.0,14.3,66.74,28.07,20.1,10.77,1136.45
Kota Surabaya,September 2020,95.0,2.0,62.63,29.26,21.11,11.05,735.18
Kota Surabaya,Oktober 2020,61.0,108.9,69.13,28.9,17.11,10.16,474.2
Kota Surabaya,November 2020,82.0,140.4,77.1,28.27,13.37,9.47,631.21
Kota Surabaya,Desember 2020,8.0,423.8,85.48,26.48,12.81,7.23,58.13
Kota Surabaya,Januari 2021,83.0,481.6,87.77,26.07,13.66,6.51,450.93
Kota Surabaya,Februari 2021,30.0,390.9,87.5,26.0,17.62,8.19,162.11
Kota Surabaya,Maret 2021,698.0,317.0,86.13,26.55,10.96,9.66,3805.02
Kota Surabaya,April 2021,208.0,120.7,80.8,27.19,11.97,10.02,1136.33
Kota Surabaya,Mei 2021,70.0,34.5,75.87,28.19,13.75,10.7,412.04
Kota Surabaya,Juni 2021,119.0,95.1,80.43,27.45,13.09,10.34,703.65
Kota Surabaya,Juli 2021,195.0,5.3,68.65,27.63,17.25,10.72,1149.5
Kota Surabaya,Agustus 2021,93.0,5.3,66.94,28.34,19.78,10.99,550.23
Kota Surabaya,September 2021,36.0,23.7,67.27,28.55,19.22,10.44,216.68
Kota Surabaya,Oktober 2021,101.0,59.1,67.48,29.18,15.0,10.99,616.55
Kota Surabaya,November 2021,56.0,408.0,85.07,26.76,10.85,7.26,343.55
Kota Surabaya,Desember 2021,47.0,387.5,85.74,26.64,12.2,8.0,286.08
Kota Surabaya,Januari 2022,16.67,327.9,85.61,26.16,15.62,8.5,98.34
Kota Surabaya,Februari 2022,166.5,384.8,86.68,25.97,14.81,8.07,982.24
Kota Surabaya,Maret 2022,579.14,397.6,86.32,26.54,12.41,9.2,3416.56
Kota Surabaya,April 2022,146.81,189.6,82.27,27.21,11.12,9.87,866.09
Kota Surabaya,Mei 2022,45.88,201.7,83.94,27.25,12.83,9.12,208.34
Kota Surabaya,Juni 2022,32.53,68.9,80.63,26.97,13.23,10.25,147.72
Kota Surabaya,Juli 2022,126.98,38.1,73.16,27.28,15.25,10.54,576.62
Kota Surabaya,Agustus 2022,163.34,27.6,69.58,27.8,17.85,10.86,741.73
Kota Surabaya,September 2022,81.96,18.7,67.23,28.63,17.01,10.69,520.13
Kota Surabaya,Oktober 2022,15.97,208.7,80.13,27.07,10.85,8.98,101.35
Kota Surabaya,November 2022,32.04,234.2,84.8,26.59,11.45,7.84,203.33
Kota Surabaya,Desember 2022,40.16,270.3,83.77,26.52,13.48,8.1,254.86
Kota Surabaya,Januari 2023,103.03,253.3,84.0,26.4,14.36,8.97,478.5
Kota Surabaya,Februari 2023,329.87,418.4,86.71,25.96,17.69,7.14,1532.01
Kota Surabaya,Maret 2023,345.05,297.9,85.23,26.5,11.7,9.34,1602.51
Kota Surabaya,April 2023,111.67,246.8,84.53,26.92,10.69,8.86,518.63
Kota Surabaya,Mei 2023,115.1,64.5,76.19,27.63,13.12,10.23,731.76
Kota Surabaya,Juni 2023,192.59,6.2,71.13,28.18,14.89,10.93,1224.41
Kota Surabaya,Juli 2023,54.17,33.3,69.48,27.49,15.57,10.63,344.39
Kota Surabaya,Agustus 2023,141.22,0.4,65.77,27.61,18.39,10.99,897.82
Kota Surabaya,September 2023,37.77,0.5,61.77,28.31,20.16,11.08,246.28
Kota Surabaya,Oktober 2023,28.55,5.2,62.58,29.95,21.0,11.48,186.16
Kota Surabaya,November 2023,40.06,74.1,69.27,29.77,15.29,11.08,261.22
Kota Surabaya,Desember 2023,6.93,234.8,77.52,28.31,11.84,10.19,45.19
Kota Surabaya,Januari 2024,50.24,370.4,83.87,27.23,13.78,8.58,283.57
Kota Surabaya,Februari 2024,8.91,374.9,87.28,26.93,11.58,8.76,50.29
Kota Surabaya,Maret 2024,98.86,292.9,84.81,27.28,14.45,8.43,558.0
Kota Surabaya,April 2024,649.82,229.6,84.23,27.82,12.6,9.14,3667.83
Kota Surabaya,Mei 2024,124.37,9.7,72.74,28.93,14.8,10.93,609.06
Kota Surabaya,Juni 2024,39.85,38.0,72.4,28.38,14.88,10.84,195.15
Kota Surabaya,Juli 2024,43.5,5.8,67.06,27.8,17.08,10.69,213.02
Kota Surabaya,Agustus 2024,80.77,3.5,64.0,28.12,18.57,10.95,395.54
Kota Surabaya,September 2024,125.3,23.5,63.97,29.22,18.22,11.01,760.32
Kota Surabaya,Oktober 2024,40.25,37.6,63.32,29.99,17.67,11.31,244.27
Kota Surabaya,November 2024,54.32,307.6,79.57,28.25,11.67,10.54,329.6
Kota Surabaya,Desember 2024,5.56,495.3,86.19,26.88,11.47,7.15,33.77
Kota Batu,Januari 2018,157.0,479.8,88.0,20.22,7.42,5.87,1021.5
Kota Batu,Februari 2018,0.0,343.7,88.71,20.06,7.38,7.2,468.8318181818181
Kota Batu,Maret 2018,132.0,350.7,88.39,20.32,9.49,9.71,856.09
Kota Batu,April 2018,155.0,60.5,84.83,20.89,10.43,10.63,1006.31
Kota Batu,Mei 2018,134.0,26.8,77.42,21.13,11.47,10.77,887.94
Kota Batu,Juni 2018,39.0,76.7,80.6,20.44,10.8,10.31,260.31
Kota Batu,Juli 2018,0.0,24.8,83.84,19.02,10.79,10.48,468.8318181818181
Kota Batu,Agustus 2018,78.0,74.5,82.42,18.83,11.51,10.6,516.84
Kota Batu,September 2018,12.0,70.7,75.9,19.92,12.49,10.66,87.13
Kota Batu,Oktober 2018,26.0,73.7,74.58,21.33,12.9,11.17,196.02
Kota Batu,November 2018,61.0,560.6,88.2,20.86,11.39,9.13,457.32
Kota Batu,Desember 2018,77.0,745.9,92.19,20.44,9.85,7.09,580.07
Kota Batu,Januari 2019,108.0,567.0,88.68,20.69,8.2,7.5,650.58
Kota Batu,Februari 2019,26.0,705.3,89.79,20.53,9.63,8.04,171.09
Kota Batu,Maret 2019,0.0,1045.4,89.42,20.44,9.2,7.47,468.8318181818181
Kota Batu,April 2019,69.0,694.0,89.93,20.76,9.5,9.2,456.21
Kota Batu,Mei 2019,173.0,157.4,87.58,20.43,9.38,10.75,1110.45
Kota Batu,Juni 2019,243.0,37.4,83.77,19.61,10.46,10.66,1553.37
Kota Batu,Juli 2019,51.0,23.9,79.61,19.35,11.22,10.79,324.55
Kota Batu,Agustus 2019,78.0,22.5,76.68,19.65,12.75,10.91,499.82
Kota Batu,September 2019,17.0,18.4,71.63,20.81,13.79,10.97,106.0
Kota Batu,Oktober 2019,9.0,29.2,65.97,22.22,15.0,11.41,53.03
Kota Batu,November 2019,0.0,231.3,81.47,21.54,11.92,10.81,468.8318181818181
Kota Batu,Desember 2019,17.0,366.5,86.87,21.46,11.16,8.9,106.0
Kota Batu,Januari 2020,52.0,570.3,88.58,20.94,8.61,8.98,52.06
Kota Batu,Februari 2020,61.0,753.7,90.1,20.92,8.34,7.7,61.01
Kota Batu,Maret 2020,40.0,517.8,89.77,20.99,8.75,7.86,39.66
Kota Batu,April 2020,26.0,438.7,89.0,20.92,9.8,9.67,166.46
Kota Batu,Mei 2020,102.0,342.8,87.84,21.13,9.55,9.69,720.03
Kota Batu,Juni 2020,195.0,66.5,87.5,20.05,9.11,10.61,1368.82
Kota Batu,Juli 2020,80.0,56.5,85.16,19.56,10.65,10.68,561.58
Kota Batu,Agustus 2020,49.0,55.3,79.77,20.19,11.83,10.67,341.73
Kota Batu,September 2020,56.0,63.5,79.4,20.81,12.28,10.87,325.0
Kota Batu,Oktober 2020,0.0,426.3,86.26,20.62,11.97,9.78,468.8318181818181
Kota Batu,November 2020,42.0,409.0,86.83,20.95,10.54,8.55,243.71
Kota Batu,Desember 2020,49.0,639.8,91.26,20.2,8.36,6.07,284.38
Kota Batu,Januari 2021,42.0,661.3,90.68,20.08,8.23,5.05,277.66
Kota Batu,Februari 2021,49.0,447.4,88.82,20.44,7.58,7.59,324.01
Kota Batu,Maret 2021,49.0,684.3,90.0,20.3,8.74,8.03,324.01
Kota Batu,April 2021,24.0,363.5,86.03,20.4,9.16,9.73,157.3
Kota Batu,Mei 2021,126.0,201.4,86.74,20.65,9.85,10.46,962.73
Kota Batu,Juni 2021,106.0,156.0,86.87,20.39,10.53,10.08,811.33
Kota Batu,Juli 2021,62.0,74.2,80.06,19.89,10.82,10.77,476.22
Kota Batu,Agustus 2021,100.0,114.0,85.9,20.04,10.99,10.85,761.86
Kota Batu,September 2021,60.0,165.2,83.63,20.43,11.7,10.35,368.71
Kota Batu,Oktober 2021,10.0,149.0,87.48,20.63,11.54,10.42,60.0
Kota Batu,November 2021,50.0,491.1,89.83,20.47,10.03,6.53,308.71
Kota Batu,Desember 2021,149.0,424.8,90.16,20.56,9.49,7.57,917.65
Kota Batu,Januari 2022,113.82,337.4,87.42,20.32,7.63,7.86,686.14
Kota Batu,Februari 2022,120.75,273.5,87.46,20.46,8.3,7.57,727.91
Kota Batu,Maret 2022,51.36,365.1,89.42,20.67,8.74,8.03,309.61
Kota Batu,April 2022,59.67,259.4,86.43,20.52,9.93,9.58,359.71
Kota Batu,Mei 2022,90.21,139.2,86.81,20.95,9.84,9.62,551.46
Kota Batu,Juni 2022,144.81,54.1,86.33,20.09,10.89,10.19,884.77
Kota Batu,Juli 2022,102.72,50.1,83.71,19.95,11.64,10.64,627.93
Kota Batu,Agustus 2022,113.81,117.0,84.71,19.97,12.25,10.49,695.72
Kota Batu,September 2022,48.56,96.6,84.1,20.41,12.49,10.56,355.33
Kota Batu,Oktober 2022,59.67,642.3,92.35,19.86,10.18,7.16,436.62
Kota Batu,November 2022,26.37,662.4,90.03,20.29,9.09,7.28,192.96
Kota Batu,Desember 2022,127.7,328.7,88.29,20.14,9.86,8.05,934.41
Kota Batu,Januari 2023,92.98,245.5,89.52,20.05,8.86,7.95,629.29
Kota Batu,Februari 2023,68.02,411.9,88.79,20.24,6.73,5.98,460.36
Kota Batu,Maret 2023,73.55,376.9,87.58,20.33,9.51,8.93,497.79
Kota Batu,April 2023,26.37,348.1,90.0,20.31,8.7,8.11,178.47
Kota Batu,Mei 2023,154.05,81.7,86.42,20.25,10.64,9.89,1009.37
Kota Batu,Juni 2023,99.94,152.4,88.97,20.07,9.88,10.39,654.83
Kota Batu,Juli 2023,86.06,161.6,90.26,18.94,9.78,10.24,563.89
Kota Batu,Agustus 2023,77.73,31.6,83.42,19.04,11.32,10.88,509.3
Kota Batu,September 2023,0.0,33.8,78.73,19.69,13.17,11.0,468.8318181818181
Kota Batu,Oktober 2023,0.0,28.4,67.58,22.1,14.99,11.46,468.8318181818181
Kota Batu,November 2023,6.94,171.1,81.73,21.7,13.09,10.49,51.35
Kota Batu,Desember 2023,41.65,347.9,89.65,20.63,11.7,9.12,308.16
Kota Batu,Januari 2024,90.23,313.0,88.71,20.82,9.05,8.98,668.6
Kota Batu,Februari 2024,41.65,473.7,89.9,20.89,8.58,8.34,308.63
Kota Batu,Maret 2024,6.94,599.2,88.32,21.11,8.48,7.92,51.43
Kota Batu,April 2024,13.88,428.5,90.77,21.16,8.48,8.51,102.85
Kota Batu,Mei 2024,73.55,141.2,88.39,20.66,9.26,10.59,523.72
Kota Batu,Juni 2024,65.24,121.4,87.67,20.18,10.15,10.57,464.55
Kota Batu,Juli 2024,104.11,29.0,85.65,19.27,11.31,10.44,741.33
Kota Batu,Agustus 2024,13.88,18.8,80.39,19.64,12.32,10.94,98.83
Kota Batu,September 2024,13.88,141.4,79.13,20.65,12.62,10.69,103.54
Kota Batu,Oktober 2024,6.94,118.8,81.35,21.11,12.61,11.16,51.77
Kota Batu,November 2024,6.94,249.5,84.53,21.21,11.28,9.48,51.77
Kota Batu,Desember 2024,66.01,617.2,89.77,20.53,8.14,6.57,492.39
